image,detected_objects
living_1.jpg,"{'Table', 'Sofa', 'Curtains', 'Frame', 'Wooden floor', 'Chair'}"
living_10.jpg,"{'Futech tiles', 'Table', 'Dining Table', 'Sofa', 'Wooden floor'}"
living_100.jpg,"{'Carpet', 'Curtains', 'Sofa', 'Window'}"
living_1000.jpg,{'Wooden floor'}
living_1002.jpg,"{'Window', 'Gypsum Board', 'Closet', 'Ceramic floor'}"
living_1003.jpg,"{'Table', 'Wooden floor', 'Chair'}"
living_1004.jpg,{'Sofa'}
living_1005.jpg,"{'Sofa', 'Chair', 'Window'}"
living_1006.jpg,"{'Table', 'Sofa', 'Window', 'Frame', 'Chair'}"
living_1007.jpg,"{'Table', 'Sofa', 'Chair', 'Wooden floor'}"
living_1008.jpg,"{'Wooden floor', 'Curtains'}"
living_1009.jpg,"{'Wooden floor', 'Cabinet', 'Sofa', 'TV stand'}"
living_101.jpg,{'Sofa'}
living_1010.jpg,"{'Window', 'Sofa', 'Ceramic floor'}"
living_1011.jpg,"{'Frame', 'Curtains', 'Sofa', 'Window'}"
living_1012.jpg,"{'Ceramic floor', 'Gypsum Board', 'Window', 'Frame', 'Wooden floor'}"
living_1014.jpg,{'Sofa'}
living_1015.jpg,"{'Door', 'Frame', 'Dining Table', 'Ceramic floor'}"
living_1016.jpg,"{'Wooden floor', 'Carpet', 'Sofa', 'Gypsum Board'}"
living_1017.jpg,{'Sofa'}
living_1019.jpg,"{'Wooden floor', 'Sofa', 'Window'}"
living_102.jpg,"{'Frame', 'Carpet', 'Sofa', 'Wall Panel'}"
living_1020.jpg,"{'Wooden floor', 'Carpet', 'Ceramic floor', 'Window'}"
living_1021.jpg,"{'Dining Table', 'Table', 'Curtains', 'Wooden floor', 'Chair'}"
living_1022.jpg,"{'Carpet', 'Curtains', 'Futec frame', 'Sofa'}"
living_1023.jpg,"{'Sofa', 'Window'}"
living_1024.jpg,"{'Table', 'Sofa', 'Curtains', 'Window', 'Bed'}"
living_1025.jpg,"{'Table', 'Carpet', 'Sofa', 'TV stand', 'Wooden floor'}"
living_1026.jpg,"{'Frame', 'Lamp', 'Sofa', 'Ceramic floor'}"
living_1027.jpg,"{'Cupboard', 'Frame', 'Sofa'}"
living_1028.jpg,"{'Carpet', 'Ceramic floor', 'Curtains', 'Gypsum Board', 'Bed'}"
living_1029.jpg,"{'Table', 'Sofa', 'Ceramic floor', 'Curtains', 'Window', 'Wooden floor', 'Chair'}"
living_103.jpg,"{'Chair', 'Ceramic floor'}"
living_1030.jpg,"{'Table', 'Sofa'}"
living_1031.jpg,"{'Dining Table', 'Ceramic floor', 'Gypsum Board', 'Window', 'Futec frame'}"
living_1032.jpg,"{'Table', 'Carpet', 'Sofa', 'Gypsum Board', 'Window', 'Frame', 'Wooden floor'}"
living_1033.jpg,"{'Bed', 'Ceramic floor'}"
living_1035.jpg,"{'Window', 'Curtains', 'Chair', 'Ceramic floor'}"
living_1036.jpg,"{'Dining Table', 'Table', 'Lamp', 'Wooden floor', 'Chair'}"
living_1038.jpg,"{'Bed', 'Carpet', 'Gypsum Board'}"
living_1039.jpg,"{'Table', 'Carpet', 'Curtains', 'Gypsum Board', 'Window', 'Chair'}"
living_104.jpg,"{'Wall Panel', 'Window'}"
living_1040.jpg,"{'Table', 'Shelf', 'Window'}"
living_1041.jpg,"{'Cabinet', 'Chair'}"
living_1042.jpg,"{'Table', 'Frame', 'Wooden floor', 'Sofa'}"
living_1044.jpg,"{'Chair', 'Sofa', 'Window'}"
living_1045.jpg,"{'Curtains', 'Chair', 'Window'}"
living_1046.jpg,"{'Bed', 'Curtains', 'Futec frame'}"
living_1047.jpg,"{'Carpet', 'Curtains', 'TV stand'}"
living_1048.jpg,"{'Wooden floor', 'Cabinet', 'Wall Panel', 'Gypsum Board'}"
living_105.jpg,"{'Table', 'Sofa'}"
living_1050.jpg,"{'Lamp', 'Sofa'}"
living_1051.jpg,"{'Frame', 'Wooden floor', 'Chair', 'Gypsum Board'}"
living_1052.jpg,"{'Wooden floor', 'Sofa'}"
living_1053.jpg,"{'Door', 'Carpet', 'Gypsum Board', 'Window'}"
living_1055.jpg,"{'Carpet', 'Sofa'}"
living_1056.jpg,"{'Sofa', 'Ceramic floor', 'Gypsum Board', 'Wooden floor', 'Chair'}"
living_1058.jpg,"{'Table', 'Carpet', 'Sofa'}"
living_1059.jpg,"{'Cupboard', 'Shelf'}"
living_106.jpg,"{'Wooden floor', 'Gypsum Board', 'Window'}"
living_1060.jpg,{'Cabinet'}
living_1061.jpg,"{'Frame', 'Sofa', 'Window'}"
living_1062.jpg,"{'Table', 'Sofa', 'Wall Panel', 'Frame', 'Wooden floor', 'Chair'}"
living_1063.jpg,"{'Bed', 'Table', 'Wooden floor', 'Sofa'}"
living_1064.jpg,"{'Frame', 'Sofa'}"
living_1065.jpg,"{'Cupboard', 'Sofa'}"
living_1067.jpg,"{'Sofa', 'Chair', 'Window'}"
living_1068.jpg,"{'Table', 'Curtains', 'Sofa'}"
living_1069.jpg,"{'Table', 'Sideboard', 'Sofa', 'Window', 'Nightstand', 'Frame', 'Wooden floor', 'Chair'}"
living_107.jpg,"{'Frame', 'Wooden floor', 'Chair'}"
living_1070.jpg,"{'Table', 'Carpet', 'Sofa', 'Ceramic floor', 'Curtains', 'Window'}"
living_1071.jpg,{'Table'}
living_1072.jpg,{'Sofa'}
living_1073.jpg,"{'Wooden floor', 'Ceramic floor'}"
living_1074.jpg,"{'Carpet', 'Sofa', 'Ceramic floor'}"
living_1075.jpg,"{'Carpet', 'Sofa'}"
living_1076.jpg,"{'Carpet', 'Ceramic floor', 'Curtains', 'Gypsum Board', 'Frame', 'Wooden floor'}"
living_1077.jpg,"{'Table', 'Carpet', 'Sofa'}"
living_1078.jpg,"{'Table', 'Carpet', 'Sofa', 'Closet', 'Chair'}"
living_1079.jpg,"{'Carpet', 'Window'}"
living_108.jpg,"{'Frame', 'Carpet', 'Sofa', 'Window'}"
living_1080.jpg,{'Window'}
living_1081.jpg,"{'Carpet', 'Sofa', 'Ceramic floor', 'Gypsum Board', 'Wooden floor'}"
living_1082.jpg,"{'Wooden floor', 'Gypsum Board', 'Sofa', 'Window'}"
living_1084.jpg,"{'Table', 'Sofa', 'Ceramic floor', 'Window', 'Frame', 'Wooden floor'}"
living_1085.jpg,"{'Table', 'Wall Panel', 'Sofa'}"
living_1088.jpg,"{'Sofa', 'Curtains', 'Gypsum Board', 'Window', 'Chair'}"
living_1089.jpg,"{'Wooden floor', 'TV stand'}"
living_109.jpg,"{'Carpet', 'Sofa', 'Ceramic floor', 'Window', 'Frame', 'Wooden floor'}"
living_1090.jpg,"{'Table', 'Sofa', 'Curtains', 'Wooden floor', 'Chair'}"
living_1091.jpg,{'Carpet'}
living_1092.jpg,"{'Table', 'Sofa'}"
living_1093.jpg,{'Wooden floor'}
living_1094.jpg,"{'Wooden floor', 'Sofa', 'Window'}"
living_1095.jpg,"{'Table', 'Sofa', 'Curtains', 'Window', 'Chair'}"
living_1096.jpg,"{'Table', 'Wall Panel', 'Chair', 'Transparent Closet'}"
living_1097.jpg,{'Window'}
living_1098.jpg,"{'Door', 'Table', 'Sofa'}"
living_1099.jpg,"{'Cabinet', 'Sofa', 'Window'}"
living_11.jpg,"{'Futech tiles', 'Table', 'Wall Panel', 'Sofa'}"
living_110.jpg,"{'Carpet', 'Sofa'}"
living_1100.jpg,"{'Table', 'Wooden floor', 'Carpet', 'Sofa'}"
living_1101.jpg,"{'Table', 'Carpet', 'Sofa', 'Lamp', 'Frame'}"
living_1102.jpg,"{'Sofa', 'Window'}"
living_1103.jpg,{'Sofa'}
living_1104.jpg,"{'Sofa', 'Ceramic floor', 'Curtains', 'Gypsum Board', 'Wooden floor'}"
living_1105.jpg,{'Table'}
living_1106.jpg,"{'Dining Table', 'Ceramic floor', 'TV stand'}"
living_1107.jpg,"{'Table', 'Wooden floor', 'TV stand', 'Window'}"
living_1108.jpg,"{'Carpet', 'Curtains', 'Sofa'}"
living_1109.jpg,"{'Wooden floor', 'Cabinet', 'Sofa', 'Window'}"
living_111.jpg,"{'Frame', 'Window'}"
living_1110.jpg,"{'Carpet', 'Curtains', 'Sofa'}"
living_1111.jpg,"{'Carpet', 'Sofa'}"
living_1112.jpg,"{'Table', 'Sofa', 'Curtains', 'Frame', 'Wooden floor'}"
living_1113.jpg,"{'Carpet', 'Curtains', 'Window'}"
living_1114.jpg,"{'Table', 'Bed', 'Chair', 'Sofa'}"
living_1115.jpg,"{'Door', 'Table', 'Chair', 'Ceramic floor'}"
living_1116.jpg,"{'Table', 'Chair', 'Sofa', 'Ceramic floor'}"
living_1117.jpg,"{'Wooden floor', 'Sofa', 'Ceramic floor'}"
living_1118.jpg,"{'Table', 'Wooden floor', 'Chair', 'Sofa'}"
living_1119.jpg,{'Wooden floor'}
living_1120.jpg,{'Table'}
living_1122.jpg,"{'Table', 'Carpet', 'Sofa', 'Wall Panel', 'Chair'}"
living_1123.jpg,"{'Frame', 'Sofa', 'Ceramic floor'}"
living_1124.jpg,"{'Carpet', 'Sofa'}"
living_1125.jpg,"{'Table', 'Sofa', 'Ceramic floor'}"
living_1126.jpg,"{'Table', 'Lamp', 'Curtains', 'Wall Panel', 'Chair'}"
living_1127.jpg,"{'Wooden floor', 'Cabinet', 'Chair', 'Window'}"
living_113.jpg,"{'Carpet', 'Curtains', 'Sofa', 'Ceramic floor'}"
living_1131.jpg,{'Sofa'}
living_1132.jpg,"{'Table', 'Sofa', 'Curtains', 'Frame', 'Wooden floor', 'Chair'}"
living_1133.jpg,"{'Carpet', 'Ceramic floor'}"
living_1134.jpg,{'Sofa'}
living_1135.jpg,"{'Wooden floor', 'Carpet', 'Sofa'}"
living_1136.jpg,"{'Cabinet', 'Curtains'}"
living_1137.jpg,"{'Table', 'Sofa', 'Gypsum Board', 'Frame', 'Wooden floor'}"
living_1138.jpg,"{'Sofa', 'Ceramic floor'}"
living_1139.jpg,"{'Table', 'Sofa', 'Curtains', 'Gypsum Board'}"
living_114.jpg,{'Curtains'}
living_1140.jpg,"{'Table', 'Carpet', 'Chair', 'Sofa'}"
living_1141.jpg,"{'Table', 'Wooden floor', 'Chair', 'Sofa'}"
living_1142.jpg,"{'Sofa', 'Ceramic floor', 'Window', 'Frame', 'Chair'}"
living_1143.jpg,"{'Dining Table', 'Table', 'Cabinet', 'Wooden floor', 'Chair'}"
living_1144.jpg,"{'Cabinet', 'Ceramic floor'}"
living_1145.jpg,"{'Table', 'Curtains', 'Sofa', 'TV stand'}"
living_1146.jpg,{'Sofa'}
living_1147.jpg,"{'Frame', 'Wooden floor', 'Sofa', 'Ceramic floor'}"
living_1148.jpg,"{'Frame', 'Carpet', 'Curtains', 'Sofa'}"
living_1149.jpg,"{'Window', 'Curtains', 'Sofa', 'Ceramic floor'}"
living_115.jpg,"{'Cupboard', 'Sofa', 'Closet', 'Transparent Closet'}"
living_1151.jpg,"{'Table', 'Frame', 'Sofa', 'Wall Panel'}"
living_1152.jpg,"{'Door', 'Wall Panel', 'Sofa'}"
living_1153.jpg,"{'Carpet', 'Sofa', 'Nightstand'}"
living_1154.jpg,"{'Frame', 'Ceramic floor', 'Window'}"
living_1155.jpg,{'Bed'}
living_1156.jpg,"{'Carpet', 'Sofa'}"
living_1157.jpg,"{'Table', 'Frame', 'Carpet'}"
living_1158.jpg,"{'Table', 'Curtains', 'Chair'}"
living_1159.jpg,"{'Table', 'Gypsum Board', 'Sofa'}"
living_1160.jpg,"{'Cabinet', 'Carpet', 'Sofa', 'Bed', 'Nightstand'}"
living_1161.jpg,"{'Curtains', 'Sofa', 'Window'}"
living_1162.jpg,"{'Dining Table', 'Frame', 'Wooden floor', 'Curtains'}"
living_1163.jpg,"{'Table', 'Chair', 'Sofa'}"
living_1164.jpg,"{'Table', 'Lamp'}"
living_1165.jpg,{'Wooden floor'}
living_1166.jpg,"{'Table', 'Curtains', 'Window', 'Frame', 'Wooden floor'}"
living_1167.jpg,"{'Table', 'Sofa', 'Ceramic floor', 'Curtains', 'Frame', 'Chair'}"
living_1168.jpg,"{'Frame', 'Carpet', 'Sofa'}"
living_1169.jpg,"{'Carpet', 'Sofa', 'Ceramic floor', 'Gypsum Board', 'Futec frame', 'Wall Panel'}"
living_117.jpg,"{'Table', 'Sofa', 'Chair', 'Window'}"
living_1170.jpg,"{'Sofa', 'Ceramic floor'}"
living_1171.jpg,"{'Curtains', 'Sofa'}"
living_1172.jpg,"{'Carpet', 'Sofa', 'Window'}"
living_1173.jpg,"{'Table', 'Wooden floor'}"
living_1174.jpg,"{'Frame', 'Sofa', 'Chair', 'Window'}"
living_1175.jpg,"{'Bed', 'Wooden floor', 'Cabinet', 'Sofa'}"
living_1176.jpg,"{'Curtains', 'Chair'}"
living_1177.jpg,"{'Table', 'Frame', 'Sofa'}"
living_1178.jpg,"{'Frame', 'Chair', 'Sofa'}"
living_1179.jpg,"{'Frame', 'Curtains', 'Sofa', 'Ceramic floor'}"
living_118.jpg,"{'Curtains', 'Sofa'}"
living_1180.jpg,"{'Wooden floor', 'Window'}"
living_1181.jpg,"{'Table', 'Carpet', 'Sofa', 'Curtains', 'Chair'}"
living_1182.jpg,"{'Ceramic floor', 'Curtains', 'Wall Panel', 'Window'}"
living_1183.jpg,"{'Table', 'Sofa', 'Window'}"
living_1184.jpg,"{'Sofa', 'Ceramic floor', 'Bed', 'Frame', 'Wooden floor'}"
living_1185.jpg,"{'Table', 'Chair', 'Sofa'}"
living_1186.jpg,"{'Table', 'Wooden floor'}"
living_1187.jpg,"{'Carpet', 'Curtains', 'Chair', 'Sofa'}"
living_1188.jpg,"{'Wooden floor', 'Chair', 'Sofa', 'Ceramic floor'}"
living_1189.jpg,"{'Table', 'Cabinet', 'Carpet'}"
living_119.jpg,"{'Wooden floor', 'Curtains', 'Sofa'}"
living_1190.jpg,"{'Table', 'Carpet', 'Sofa', 'Window'}"
living_1191.jpg,"{'Table', 'Frame', 'Carpet', 'Sofa'}"
living_1192.jpg,"{'Sofa', 'Gypsum Board', 'Ceramic floor'}"
living_1193.jpg,"{'Carpet', 'Window'}"
living_1194.jpg,"{'Table', 'Frame'}"
living_1196.jpg,"{'Carpet', 'Sofa'}"
living_1197.jpg,"{'Lamp', 'Ceramic floor', 'Chair', 'Closet'}"
living_1198.jpg,"{'Table', 'Carpet', 'Sofa', 'Lamp', 'Frame', 'Chair'}"
living_1199.jpg,"{'Table', 'Shelf', 'Chair', 'Closet'}"
living_12.jpg,"{'TV stand', 'Ceramic floor'}"
living_120.jpg,"{'Table', 'Sofa', 'Chair'}"
living_1200.jpg,"{'Table', 'Carpet', 'Sofa', 'Curtains', 'Wooden floor', 'Chair'}"
living_1201.jpg,"{'Wall Panel', 'Sofa', 'Ceramic floor'}"
living_1202.jpg,{'Sofa'}
living_1205.jpg,"{'Frame', 'Window', 'Sofa', 'Ceramic floor'}"
living_1206.jpg,"{'Sofa', 'Ceramic floor', 'Gypsum Board', 'Bed', 'Frame', 'Wooden floor'}"
living_1207.jpg,"{'Chair', 'Sofa'}"
living_1208.jpg,"{'Lamp', 'Sofa'}"
living_1209.jpg,"{'Curtains', 'Sofa'}"
living_121.jpg,"{'Table', 'Sofa', 'Ceramic floor', 'Frame', 'Wooden floor'}"
living_1211.jpg,"{'Bed', 'Ceramic floor'}"
living_1212.jpg,"{'Table', 'Chair', 'Sofa'}"
living_1213.jpg,"{'Carpet', 'Sofa', 'Ceramic floor', 'Curtains', 'Frame', 'Wooden floor', 'Chair'}"
living_1214.jpg,"{'Frame', 'Sofa'}"
living_1216.jpg,{'Table'}
living_1217.jpg,"{'Table', 'Sofa', 'Door', 'Frame', 'Wooden floor'}"
living_1218.jpg,"{'Sofa', 'Table', 'Wooden floor', 'Chair'}"
living_1219.jpg,"{'Wooden floor', 'Cabinet'}"
living_122.jpg,"{'Frame', 'Chair', 'Sofa'}"
living_1220.jpg,"{'Cabinet', 'Carpet', 'Sofa', 'Window'}"
living_1221.jpg,"{'Wooden floor', 'Bed'}"
living_1222.jpg,"{'Frame', 'Curtains', 'Chair', 'Sofa'}"
living_1223.jpg,"{'Sofa', 'Ceramic floor'}"
living_1224.jpg,"{'Sofa', 'Wooden floor', 'Chair', 'Gypsum Board'}"
living_1225.jpg,{'Sofa'}
living_1226.jpg,"{'Curtains', 'Window'}"
living_1227.jpg,"{'Table', 'Cupboard', 'Chair'}"
living_1228.jpg,{'Sofa'}
living_1229.jpg,"{'Wooden floor', 'Ceramic floor', 'Sofa', 'Window'}"
living_123.jpg,"{'Frame', 'Cabinet', 'Gypsum Board'}"
living_1230.jpg,"{'Wooden floor', 'Closet'}"
living_1231.jpg,"{'Sofa', 'Curtains', 'Wall Panel', 'Frame', 'Chair'}"
living_1232.jpg,{'Carpet'}
living_1233.jpg,"{'Door', 'Cabinet'}"
living_1235.jpg,"{'Table', 'Gypsum Board', 'Ceramic floor'}"
living_1236.jpg,"{'Table', 'Carpet', 'Sofa', 'Ceramic floor', 'Frame'}"
living_1237.jpg,"{'Window', 'Shelf', 'Chair', 'Ceramic floor'}"
living_1238.jpg,"{'Table', 'Cabinet', 'Sofa', 'Window', 'Wooden floor'}"
living_1239.jpg,{'Window'}
living_124.jpg,"{'Lamp', 'Table', 'Wooden floor', 'Sofa'}"
living_1240.jpg,"{'Cupboard', 'Sofa'}"
living_1241.jpg,"{'Table', 'Wooden floor', 'Carpet', 'Gypsum Board'}"
living_1242.jpg,"{'Frame', 'Wooden floor', 'Sofa', 'Closet'}"
living_1243.jpg,"{'Table', 'Wooden floor', 'Chair', 'Sofa'}"
living_1244.jpg,"{'Bed', 'Curtains', 'Chair'}"
living_1245.jpg,"{'Wooden floor', 'Gypsum Board', 'Ceramic floor'}"
living_1246.jpg,{'Window'}
living_1247.jpg,"{'Table', 'Curtains', 'Window'}"
living_1248.jpg,"{'Table', 'Carpet', 'Chair', 'Sofa'}"
living_1249.jpg,"{'Wooden floor', 'Wall Panel'}"
living_125.jpg,"{'Table', 'Wooden floor', 'Chair', 'Sofa'}"
living_1250.jpg,"{'Frame', 'Ceramic floor', 'Sofa', 'Window'}"
living_1251.jpg,"{'Wooden floor', 'Wall Panel', 'Chair'}"
living_1252.jpg,{'Sofa'}
living_1253.jpg,"{'Carpet', 'Lamp', 'Window', 'Bed', 'Nightstand', 'Wooden floor'}"
living_1254.jpg,"{'Table', 'Window'}"
living_1255.jpg,"{'Sofa', 'Curtains', 'Window', 'Wall Panel', 'Chair'}"
living_1256.jpg,"{'Wooden floor', 'Carpet', 'Sofa', 'Transparent Closet'}"
living_1257.jpg,"{'Dining Table', 'Table', 'Carpet', 'Sofa', 'Gypsum Board', 'Window'}"
living_1258.jpg,"{'Cabinet', 'Curtains', 'Chair', 'Sofa'}"
living_126.jpg,"{'Cabinet', 'Carpet', 'Sofa', 'Window'}"
living_1260.jpg,"{'Carpet', 'Window'}"
living_1261.jpg,"{'Table', 'Sofa', 'Curtains', 'Chair'}"
living_1262.jpg,"{'Table', 'Sofa', 'Lamp', 'Curtains', 'Wooden floor'}"
living_1263.jpg,{'Sofa'}
living_1264.jpg,"{'Carpet', 'Ceramic floor', 'Curtains', 'Window', 'Frame'}"
living_1265.jpg,"{'Table', 'Sofa', 'Frame', 'Chair'}"
living_1266.jpg,"{'Sofa', 'Ceramic floor'}"
living_1267.jpg,"{'Lamp', 'Sofa'}"
living_1269.jpg,"{'Wooden floor', 'Gypsum Board', 'Window'}"
living_127.jpg,{'Window'}
living_1270.jpg,"{'Wooden floor', 'Gypsum Board'}"
living_1271.jpg,"{'Frame', 'Chair', 'Sofa', 'Window'}"
living_1272.jpg,"{'Frame', 'Lamp', 'Chair', 'Sofa'}"
living_1273.jpg,"{'Frame', 'Window', 'Curtains', 'Ceramic floor'}"
living_1274.jpg,"{'Wooden floor', 'Chair', 'Sofa'}"
living_1275.jpg,"{'Wooden floor', 'TV stand'}"
living_1276.jpg,"{'Carpet', 'Closet', 'Nightstand'}"
living_1277.jpg,"{'Table', 'Chair', 'Ceramic floor'}"
living_1278.jpg,"{'Curtains', 'Sofa'}"
living_1279.jpg,{'Curtains'}
living_1281.jpg,{'Sofa'}
living_1282.jpg,"{'Sofa', 'Closet', 'Door', 'Lamp', 'Wooden floor'}"
living_1283.jpg,"{'Chair', 'Sofa'}"
living_1284.jpg,"{'Wooden floor', 'Carpet', 'Window'}"
living_1285.jpg,"{'Table', 'Sofa', 'Window'}"
living_1287.jpg,{'Window'}
living_1288.jpg,"{'Sofa', 'Ceramic floor'}"
living_1289.jpg,"{'Dining Table', 'Chair', 'Sofa', 'Ceramic floor'}"
living_129.jpg,"{'Closet', 'Chair', 'Ceramic floor'}"
living_1291.jpg,"{'Sofa', 'Ceramic floor', 'Window', 'Frame', 'Wooden floor', 'Chair'}"
living_1293.jpg,"{'Window', 'Curtains', 'Sofa', 'Ceramic floor'}"
living_1294.jpg,"{'Carpet', 'Curtains', 'Sofa', 'Ceramic floor'}"
living_1295.jpg,"{'Wall Panel', 'Chair', 'Window'}"
living_1296.jpg,"{'Sofa', 'Window'}"
living_1298.jpg,"{'Bed', 'Sideboard', 'Window'}"
living_1299.jpg,"{'Table', 'Window'}"
living_13.jpg,"{'Table', 'Sofa', 'Gypsum Board', 'Window', 'Frame'}"
living_1300.jpg,"{'Table', 'Carpet', 'Sofa'}"
living_1301.jpg,"{'Table', 'Ceramic floor', 'Gypsum Board', 'Bed', 'Chair'}"
living_1302.jpg,"{'Carpet', 'Curtains', 'Sofa', 'Window'}"
living_1303.jpg,"{'Table', 'Sofa', 'Curtains', 'Bed', 'Frame'}"
living_1304.jpg,"{'Table', 'Chair'}"
living_1305.jpg,"{'Curtains', 'Sofa'}"
living_1306.jpg,"{'Table', 'Frame', 'Chair', 'Sofa'}"
living_1307.jpg,"{'Table', 'Chair', 'Sofa', 'Window'}"
living_1309.jpg,"{'Table', 'Sofa', 'Ceramic floor', 'Gypsum Board', 'Frame', 'Chair'}"
living_131.jpg,"{'Table', 'Sofa', 'Window'}"
living_1310.jpg,"{'Table', 'Window'}"
living_1311.jpg,{'Table'}
living_1314.jpg,"{'Bed', 'Window'}"
living_1315.jpg,{'Window'}
living_1316.jpg,"{'Table', 'Cabinet', 'Carpet', 'Sofa', 'Gypsum Board', 'Frame'}"
living_1317.jpg,"{'Table', 'Curtains', 'Sofa', 'Ceramic floor'}"
living_1318.jpg,"{'Futec frame', 'Curtains', 'Gypsum Board', 'Ceramic floor'}"
living_1319.jpg,"{'Table', 'Gypsum Board', 'Carpet', 'Chair'}"
living_132.jpg,"{'Table', 'Closet', 'Gypsum Board', 'Window', 'Wall Panel', 'Chair'}"
living_1321.jpg,"{'Table', 'Carpet', 'Curtains', 'Sofa'}"
living_1322.jpg,"{'Table', 'Frame', 'Wooden floor', 'Window'}"
living_1323.jpg,"{'Table', 'Lamp', 'Sofa'}"
living_1325.jpg,"{'Cabinet', 'Carpet', 'Sofa', 'Door', 'Window', 'Frame'}"
living_1326.jpg,"{'Curtains', 'Gypsum Board', 'Window', 'Wall Panel', 'Frame'}"
living_1327.jpg,"{'Sofa', 'Gypsum Board'}"
living_1328.jpg,"{'Table', 'Carpet', 'Sofa', 'Wall Panel'}"
living_1329.jpg,{'Curtains'}
living_133.jpg,{'Window'}
living_1330.jpg,"{'Wooden floor', 'Window'}"
living_1331.jpg,"{'Wooden floor', 'Curtains', 'Sofa', 'Window'}"
living_1332.jpg,"{'Table', 'Sofa', 'Window', 'Frame', 'Chair'}"
living_1333.jpg,"{'Table', 'Frame', 'Curtains', 'Sofa'}"
living_1334.jpg,"{'Dining Table', 'Table', 'Chair'}"
living_1335.jpg,"{'Table', 'Ceramic floor', 'Window', 'Frame', 'Chair'}"
living_1336.jpg,"{'Gypsum Board', 'Curtains', 'Sofa'}"
living_1337.jpg,"{'Gypsum Board', 'Chair'}"
living_1338.jpg,"{'Cupboard', 'Carpet', 'Sofa', 'Transparent Closet'}"
living_1339.jpg,"{'Table', 'Sofa', 'Ceramic floor', 'Window', 'Frame', 'Wooden floor'}"
living_1340.jpg,"{'Wooden floor', 'Cabinet', 'Sofa', 'Window'}"
living_1341.jpg,"{'Table', 'Carpet', 'Sofa', 'Lamp', 'Gypsum Board', 'Chair'}"
living_1342.jpg,"{'Ceramic floor', 'Window'}"
living_1343.jpg,"{'Sofa', 'Window'}"
living_1344.jpg,"{'Table', 'Frame', 'Wooden floor', 'Chair'}"
living_1346.jpg,"{'Door', 'Wooden floor', 'Curtains'}"
living_1347.jpg,"{'Cabinet', 'Sideboard', 'Sofa', 'Ceramic floor', 'Chair'}"
living_1348.jpg,"{'Dining Table', 'Table', 'Carpet', 'Sofa', 'Curtains', 'Chair'}"
living_1349.jpg,"{'Cabinet', 'Ceramic floor', 'Cupboard', 'Bed', 'Frame', 'Wooden floor'}"
living_135.jpg,"{'Wall Panel', 'Sofa'}"
living_1350.jpg,"{'Frame', 'Ceramic floor', 'Sofa', 'Window'}"
living_1351.jpg,"{'Table', 'Lamp', 'Sofa'}"
living_1353.jpg,"{'Cabinet', 'Carpet', 'Sofa', 'Ceramic floor'}"
living_1354.jpg,"{'Ceramic floor', 'Window'}"
living_1355.jpg,"{'Frame', 'Wooden floor', 'Window'}"
living_1356.jpg,{'Curtains'}
living_1357.jpg,"{'Wooden floor', 'Bed'}"
living_1358.jpg,"{'Table', 'Sofa', 'Window', 'Bed', 'Frame', 'Chair'}"
living_1359.jpg,"{'Table', 'Wooden floor', 'Chair'}"
living_136.jpg,"{'Table', 'Chair', 'Wall Panel'}"
living_1361.jpg,"{'Carpet', 'Curtains', 'Sofa', 'Ceramic floor'}"
living_1362.jpg,"{'Gypsum Board', 'Ceramic floor'}"
living_1363.jpg,"{'Table', 'Curtains', 'Chair', 'Window'}"
living_1364.jpg,"{'Sofa', 'Wooden floor', 'Chair'}"
living_1365.jpg,"{'Table', 'Ceramic floor'}"
living_1367.jpg,"{'Window', 'Chair', 'Ceramic floor'}"
living_1368.jpg,"{'Carpet', 'Sofa', 'Window'}"
living_137.jpg,"{'Sofa', 'Wooden floor', 'Gypsum Board'}"
living_1370.jpg,"{'Carpet', 'Sofa'}"
living_1371.jpg,"{'Bed', 'Wall Panel'}"
living_1372.jpg,"{'Carpet', 'Sofa', 'Window'}"
living_1373.jpg,"{'Sideboard', 'Sofa'}"
living_1374.jpg,"{'Sofa', 'Curtains', 'Gypsum Board', 'Bed', 'Wooden floor'}"
living_1375.jpg,"{'Table', 'Carpet', 'Sofa', 'Ceramic floor'}"
living_1376.jpg,"{'Table', 'Sofa', 'Ceramic floor', 'Wooden floor', 'Chair'}"
living_1377.jpg,"{'Table', 'Frame', 'Sofa'}"
living_1378.jpg,"{'Sofa', 'Ceramic floor'}"
living_1379.jpg,"{'Carpet', 'Sofa', 'Ceramic floor'}"
living_138.jpg,"{'Carpet', 'Sofa', 'Curtains', 'Gypsum Board', 'Frame'}"
living_1380.jpg,"{'Lamp', 'Sofa'}"
living_1381.jpg,"{'Frame', 'Wooden floor', 'Curtains', 'Sofa'}"
living_1383.jpg,"{'Table', 'Carpet', 'Sofa', 'Lamp', 'Curtains', 'Frame'}"
living_1385.jpg,"{'Table', 'Chair'}"
living_1386.jpg,"{'Table', 'Frame', 'Lamp', 'Sofa'}"
living_1387.jpg,"{'Curtains', 'Sofa'}"
living_1388.jpg,"{'Chair', 'Ceramic floor'}"
living_1389.jpg,"{'Frame', 'Window'}"
living_139.jpg,{'Dining Table'}
living_1391.jpg,"{'Cupboard', 'Chair', 'Ceramic floor'}"
living_1392.jpg,"{'Gypsum Board', 'Window'}"
living_1394.jpg,"{'Table', 'Sofa', 'Closet', 'Window', 'Frame', 'Chair'}"
living_1395.jpg,"{'Door', 'Wooden floor', 'Curtains', 'Closet'}"
living_1396.jpg,"{'Table', 'Carpet', 'Window'}"
living_1397.jpg,"{'Table', 'Sofa', 'Window'}"
living_1398.jpg,"{'Dining Table', 'Carpet', 'Sofa', 'Curtains', 'Window'}"
living_1399.jpg,"{'Bed', 'Wooden floor', 'Ceramic floor', 'Window'}"
living_14.jpg,"{'Frame', 'Lamp', 'Sofa', 'Closet'}"
living_140.jpg,"{'Table', 'Sofa', 'Window'}"
living_1400.jpg,"{'Wooden floor', 'Carpet', 'Ceramic floor', 'Window'}"
living_1401.jpg,"{'Sofa', 'Ceramic floor'}"
living_1402.jpg,"{'Frame', 'Wooden floor'}"
living_1403.jpg,"{'Carpet', 'Sofa', 'Curtains', 'Gypsum Board', 'Wooden floor'}"
living_1405.jpg,"{'Dining Table', 'Ceramic floor'}"
living_1406.jpg,"{'Cabinet', 'Window'}"
living_1408.jpg,"{'Frame', 'Lamp', 'Chair', 'Sofa'}"
living_1409.jpg,"{'Sofa', 'Curtains', 'Window', 'Wooden floor', 'Chair'}"
living_141.jpg,"{'Shelf', 'Cabinet', 'Window', 'Frame', 'Wooden floor', 'Chair'}"
living_1410.jpg,"{'Window', 'Carpet', 'Sofa', 'TV stand'}"
living_1411.jpg,"{'Wooden floor', 'Cabinet', 'Sofa'}"
living_1413.jpg,"{'Cabinet', 'Carpet', 'TV stand', 'Ceramic floor', 'Gypsum Board', 'Window'}"
living_1414.jpg,"{'Carpet', 'Wall Panel'}"
living_1415.jpg,"{'Sofa', 'Window', 'Frame', 'Wooden floor', 'Chair'}"
living_1416.jpg,"{'Table', 'Wooden floor', 'Sofa'}"
living_1417.jpg,"{'Gypsum Board', 'Wall Panel', 'Ceramic floor'}"
living_1418.jpg,"{'Carpet', 'Gypsum Board'}"
living_1419.jpg,"{'Chair', 'Sofa'}"
living_142.jpg,"{'Table', 'Sofa', 'Lamp', 'Curtains', 'Wooden floor'}"
living_1420.jpg,"{'Frame', 'Bed', 'Curtains', 'Chair'}"
living_1421.jpg,{'Sofa'}
living_1422.jpg,"{'Gypsum Board', 'Sofa'}"
living_1423.jpg,"{'Table', 'Carpet', 'Sofa', 'TV stand'}"
living_1424.jpg,"{'Gypsum Board', 'Carpet', 'Sofa'}"
living_1425.jpg,"{'Chair', 'Gypsum Board'}"
living_1427.jpg,"{'Frame', 'Curtains', 'Sofa', 'Window'}"
living_143.jpg,"{'Sofa', 'Carpet', 'Futec frame', 'Gypsum Board'}"
living_144.jpg,"{'Dining Table', 'Sofa', 'Ceramic floor', 'Curtains', 'Gypsum Board'}"
living_145.jpg,"{'Curtains', 'Gypsum Board', 'Bed', 'Wall Panel', 'Frame'}"
living_146.jpg,"{'Carpet', 'Sofa', 'Nightstand', 'Frame', 'Wooden floor', 'Chair'}"
living_147.jpg,"{'Frame', 'Window'}"
living_148.jpg,"{'Wooden floor', 'Sofa'}"
living_15.jpg,"{'Table', 'Chair', 'Sofa'}"
living_150.jpg,{'Chair'}
living_151.jpg,{'Sofa'}
living_153.jpg,"{'Bed', 'Nightstand', 'TV stand'}"
living_154.jpg,"{'Chair', 'Sofa', 'Window'}"
living_155.jpg,"{'Frame', 'Lamp', 'Sofa'}"
living_156.jpg,"{'Cabinet', 'Sofa', 'Ceramic floor'}"
living_157.jpg,"{'Window', 'Ceramic floor'}"
living_158.jpg,"{'Table', 'Sofa'}"
living_159.jpg,"{'Bed', 'Sofa', 'Window'}"
living_16.jpg,"{'Cabinet', 'Gypsum Board', 'Sofa', 'Window'}"
living_160.jpg,{'Sofa'}
living_161.jpg,"{'Wooden floor', 'Wall Panel', 'Sofa'}"
living_162.jpg,"{'Carpet', 'Sofa', 'Curtains', 'Window', 'Chair'}"
living_163.jpg,"{'Table', 'Ceramic floor', 'Lamp', 'Gypsum Board', 'Wooden floor'}"
living_165.jpg,"{'Ceramic floor', 'Curtains', 'Sofa', 'Window'}"
living_166.jpg,"{'Wooden floor', 'Gypsum Board', 'Sofa'}"
living_167.jpg,"{'Carpet', 'Sofa', 'Window', 'Frame', 'Wooden floor'}"
living_168.jpg,"{'Table', 'Sofa', 'Ceramic floor', 'Wooden floor', 'Chair'}"
living_169.jpg,"{'Carpet', 'Sofa', 'Ceramic floor'}"
living_17.jpg,"{'Table', 'Sofa', 'Nightstand', 'Frame', 'Wooden floor', 'Chair'}"
living_170.jpg,"{'Dining Table', 'Wall Panel', 'Chair'}"
living_171.jpg,"{'Bed', 'Carpet', 'Sofa', 'Window'}"
living_172.jpg,"{'Frame', 'Cabinet', 'Carpet', 'Sofa'}"
living_173.jpg,"{'Table', 'Window'}"
living_174.jpg,{'Window'}
living_175.jpg,{'Ceramic floor'}
living_176.jpg,"{'Table', 'Sofa', 'Window'}"
living_177.jpg,"{'Gypsum Board', 'Curtains', 'Sofa'}"
living_178.jpg,"{'Frame', 'Carpet', 'Sofa'}"
living_18.jpg,{'Frame'}
living_180.jpg,"{'Bed', 'Wall Panel'}"
living_181.jpg,"{'Table', 'Wooden floor', 'Window'}"
living_182.jpg,"{'Table', 'Carpet', 'Sofa', 'Window', 'Chair'}"
living_183.jpg,{'Window'}
living_184.jpg,"{'Nightstand', 'Ceramic floor'}"
living_185.jpg,"{'Curtains', 'Chair', 'Sofa'}"
living_186.jpg,"{'Carpet', 'TV stand', 'Curtains', 'Wooden floor', 'Chair'}"
living_188.jpg,"{'Table', 'Sofa', 'Ceramic floor', 'Lamp', 'Frame'}"
living_189.jpg,"{'Wall Panel', 'Sofa'}"
living_19.jpg,{'Chair'}
living_190.jpg,"{'Sofa', 'Wall Panel', 'Ceramic floor'}"
living_192.jpg,"{'Cabinet', 'Carpet', 'Window', 'Frame', 'Wooden floor'}"
living_193.jpg,"{'Sofa', 'Wooden floor', 'Carpet', 'Chair'}"
living_194.jpg,"{'Carpet', 'Curtains', 'Window'}"
living_195.jpg,"{'Dining Table', 'Table', 'Futec frame', 'Window'}"
living_196.jpg,"{'Carpet', 'Sofa', 'Lamp', 'Gypsum Board', 'Window'}"
living_197.jpg,"{'Table', 'Lamp', 'Sofa', 'Wooden floor'}"
living_198.jpg,"{'Gypsum Board', 'Sofa', 'Ceramic floor'}"
living_199.jpg,{'Chair'}
living_2.jpg,"{'Frame', 'Carpet', 'Sofa', 'Wall Panel'}"
living_20.jpg,"{'Bed', 'Carpet', 'Curtains', 'Sofa'}"
living_200.jpg,"{'Table', 'Sofa', 'Lamp', 'Frame', 'Chair'}"
living_201.jpg,"{'Dining Table', 'Gypsum Board'}"
living_202.jpg,"{'Dining Table', 'Wooden floor', 'Carpet'}"
living_203.jpg,{'Window'}
living_204.jpg,"{'Gypsum Board', 'Ceramic floor', 'Sofa', 'Window'}"
living_205.jpg,"{'Cupboard', 'Window', 'Ceramic floor'}"
living_206.jpg,"{'Table', 'Carpet', 'Sofa', 'Lamp', 'Chair'}"
living_207.jpg,"{'Wooden floor', 'Gypsum Board', 'Window'}"
living_209.jpg,{'Sofa'}
living_21.jpg,"{'Carpet', 'Curtains', 'Sofa'}"
living_210.jpg,"{'Frame', 'Chair', 'Ceramic floor'}"
living_211.jpg,"{'Table', 'Sofa'}"
living_213.jpg,"{'Carpet', 'Gypsum Board'}"
living_214.jpg,"{'Table', 'Chair', 'Sofa'}"
living_215.jpg,"{'Carpet', 'Ceramic floor', 'TV stand'}"
living_216.jpg,"{'Table', 'Wooden floor', 'Chair', 'Sofa'}"
living_217.jpg,"{'Table', 'Sofa', 'Chair'}"
living_218.jpg,"{'Sofa', 'Wall Panel', 'Window'}"
living_219.jpg,"{'Table', 'Chair', 'Sofa'}"
living_22.jpg,"{'Curtains', 'Sofa', 'Window'}"
living_221.jpg,"{'Table', 'Sofa', 'Curtains', 'Window', 'Wooden floor'}"
living_222.jpg,"{'Table', 'Ceramic floor', 'Bed', 'Frame', 'Wooden floor', 'Chair'}"
living_223.jpg,"{'Ceramic floor', 'Carpet', 'Gypsum Board', 'Window'}"
living_224.jpg,"{'Wooden floor', 'Chair', 'Sofa'}"
living_226.jpg,"{'Bed', 'Gypsum Board', 'Sofa', 'Ceramic floor'}"
living_227.jpg,"{'Cabinet', 'Sideboard', 'Sofa', 'Gypsum Board', 'Wall Panel', 'Wooden floor'}"
living_228.jpg,"{'Table', 'Cabinet', 'Sofa', 'Ceramic floor', 'Chair'}"
living_229.jpg,"{'Gypsum Board', 'Cabinet', 'Closet', 'Ceramic floor'}"
living_23.jpg,"{'Table', 'Ceramic floor', 'Gypsum Board', 'Window', 'Frame'}"
living_231.jpg,"{'Wooden floor', 'Ceramic floor', 'Sofa', 'Window'}"
living_232.jpg,"{'Frame', 'Carpet', 'Ceramic floor', 'Window'}"
living_233.jpg,"{'Frame', 'Ceramic floor'}"
living_234.jpg,"{'Table', 'Sofa', 'Lamp', 'Curtains', 'Frame'}"
living_236.jpg,"{'Gypsum Board', 'Sofa', 'Window'}"
living_237.jpg,"{'Table', 'Sofa', 'Ceramic floor', 'Frame', 'Chair'}"
living_239.jpg,"{'Bed', 'Cabinet', 'Chair'}"
living_24.jpg,"{'Cabinet', 'Carpet', 'TV stand', 'Frame', 'Wooden floor'}"
living_240.jpg,"{'Curtains', 'Sofa'}"
living_241.jpg,"{'Carpet', 'Sofa', 'Ceramic floor'}"
living_242.jpg,{'Chair'}
living_243.jpg,"{'Frame', 'Lamp', 'Sofa'}"
living_244.jpg,"{'Table', 'Bed', 'Carpet', 'Sofa'}"
living_245.jpg,"{'Table', 'Sofa', 'Curtains', 'Frame', 'Wooden floor'}"
living_246.jpg,"{'Transparent Closet', 'Sofa', 'Ceramic floor'}"
living_247.jpg,"{'Table', 'Sofa', 'Window', 'Frame', 'Chair'}"
living_248.jpg,"{'Table', 'Carpet', 'Sofa', 'TV stand', 'Wall Panel'}"
living_249.jpg,"{'Bed', 'Sofa'}"
living_25.jpg,"{'Chair', 'Sofa'}"
living_250.jpg,"{'Table', 'Sofa', 'Frame', 'Chair'}"
living_252.jpg,"{'Cabinet', 'Carpet', 'Closet', 'Gypsum Board', 'Bed', 'Nightstand', 'Frame', 'Wooden floor'}"
living_253.jpg,"{'Table', 'Carpet', 'Curtains', 'Sofa'}"
living_254.jpg,"{'Window', 'Cabinet', 'Sofa', 'Ceramic floor'}"
living_255.jpg,"{'Table', 'Chair', 'Ceramic floor'}"
living_257.jpg,"{'Sofa', 'Carpet', 'Gypsum Board'}"
living_258.jpg,"{'Table', 'Chair', 'Wall Panel'}"
living_259.jpg,"{'Gypsum Board', 'Sofa', 'Ceramic floor'}"
living_26.jpg,"{'Table', 'Chair', 'Window'}"
living_261.jpg,"{'Table', 'Carpet', 'Sofa', 'Lamp', 'Curtains', 'Frame'}"
living_262.jpg,"{'Wooden floor', 'Sofa'}"
living_263.jpg,"{'Cabinet', 'Window'}"
living_264.jpg,"{'Sofa', 'Cabinet', 'Chair'}"
living_265.jpg,{'Sofa'}
living_266.jpg,"{'Wooden floor', 'Carpet'}"
living_267.jpg,"{'Wooden floor', 'Curtains', 'Sofa', 'Ceramic floor'}"
living_268.jpg,"{'Table', 'Carpet', 'Sofa', 'Ceramic floor', 'Wooden floor'}"
living_269.jpg,"{'Table', 'Sofa', 'Ceramic floor', 'Window', 'Frame', 'Chair'}"
living_270.jpg,"{'Frame', 'Wooden floor', 'Sofa'}"
living_271.jpg,"{'Table', 'Sideboard', 'Sofa', 'Ceramic floor', 'Curtains', 'Window', 'Nightstand', 'Chair'}"
living_272.jpg,"{'Lamp', 'Wall Panel', 'Sofa'}"
living_273.jpg,"{'Cabinet', 'Chair'}"
living_274.jpg,"{'Table', 'Sofa', 'Ceramic floor'}"
living_275.jpg,"{'Chair', 'Window'}"
living_276.jpg,"{'Table', 'Sofa', 'Ceramic floor'}"
living_277.jpg,"{'Sofa', 'Window'}"
living_278.jpg,"{'Frame', 'Carpet', 'Sofa'}"
living_279.jpg,"{'Ceramic floor', 'Sofa', 'Window'}"
living_28.jpg,"{'Frame', 'Ceramic floor', 'Sofa', 'Window'}"
living_280.jpg,"{'Table', 'Carpet', 'Sofa', 'Frame', 'Chair'}"
living_282.jpg,"{'Curtains', 'Sofa'}"
living_283.jpg,"{'Wooden floor', 'Chair', 'Sofa'}"
living_284.jpg,"{'Table', 'Carpet', 'Sofa', 'Curtains', 'Window', 'Frame', 'Chair'}"
living_285.jpg,{'Sofa'}
living_286.jpg,"{'Table', 'Frame', 'Curtains', 'Sofa'}"
living_288.jpg,"{'Window', 'Sofa', 'Ceramic floor'}"
living_289.jpg,"{'Table', 'Frame', 'Chair'}"
living_29.jpg,"{'Frame', 'Sofa', 'Chair'}"
living_290.jpg,"{'Wooden floor', 'Curtains', 'Sofa', 'Window'}"
living_292.jpg,"{'Table', 'Cabinet', 'Closet', 'Window', 'Chair'}"
living_293.jpg,"{'Table', 'Frame', 'Sofa'}"
living_294.jpg,"{'Wooden floor', 'Sofa'}"
living_297.jpg,"{'Table', 'Chair'}"
living_298.jpg,"{'Table', 'Sofa', 'Window', 'Bed', 'Wooden floor'}"
living_3.jpg,"{'Cabinet', 'Carpet', 'Window'}"
living_30.jpg,"{'Dining Table', 'Wooden floor', 'Curtains', 'Chair'}"
living_300.jpg,"{'Bed', 'Window'}"
living_301.jpg,"{'Chair', 'Sofa', 'Window'}"
living_302.jpg,"{'Wooden floor', 'Window'}"
living_303.jpg,"{'Table', 'Chair', 'Window'}"
living_304.jpg,"{'Table', 'Sofa', 'Ceramic floor', 'Window', 'Bed'}"
living_305.jpg,"{'Table', 'Sofa', 'Lamp', 'Bed', 'Wall Panel', 'Frame', 'Chair'}"
living_306.jpg,"{'Table', 'Cabinet', 'TV stand', 'Ceramic floor'}"
living_307.jpg,"{'Table', 'Carpet', 'Sofa', 'Ceramic floor', 'Gypsum Board', 'Wall Panel', 'Frame'}"
living_308.jpg,"{'Wooden floor', 'Wall Panel', 'Ceramic floor'}"
living_309.jpg,"{'Table', 'Lamp', 'Sofa'}"
living_31.jpg,"{'Table', 'Lamp', 'Carpet', 'Sofa'}"
living_310.jpg,"{'Door', 'Table', 'Sofa', 'Chair'}"
living_311.jpg,"{'Curtains', 'Sofa'}"
living_314.jpg,"{'Wooden floor', 'Ceramic floor', 'Sofa', 'Window'}"
living_315.jpg,"{'Curtains', 'Wall Panel'}"
living_316.jpg,"{'Carpet', 'Sofa', 'Wall Panel'}"
living_317.jpg,"{'Carpet', 'Sofa'}"
living_318.jpg,"{'Wooden floor', 'Ceramic floor', 'Sofa', 'Window'}"
living_319.jpg,"{'Carpet', 'Curtains', 'Sofa', 'Ceramic floor'}"
living_32.jpg,"{'Table', 'Chair', 'Nightstand'}"
living_321.jpg,"{'Carpet', 'Sofa'}"
living_324.jpg,"{'Table', 'Carpet', 'Sideboard', 'Sofa', 'Curtains', 'Window', 'Wooden floor', 'Chair'}"
living_326.jpg,"{'Curtains', 'Sofa'}"
living_327.jpg,"{'Frame', 'Wooden floor', 'Ceramic floor', 'Window'}"
living_328.jpg,"{'Wooden floor', 'Cabinet', 'Curtains', 'Window'}"
living_329.jpg,{'Table'}
living_33.jpg,"{'Table', 'Sofa', 'Window'}"
living_330.jpg,"{'Frame', 'Wooden floor', 'Window'}"
living_331.jpg,"{'Table', 'Sofa', 'Ceramic floor', 'Curtains', 'Gypsum Board', 'Wooden floor'}"
living_332.jpg,{'Window'}
living_333.jpg,"{'Wooden floor', 'Carpet', 'Curtains', 'Sofa'}"
living_334.jpg,"{'Table', 'Sofa', 'Closet', 'Curtains', 'Frame', 'Wooden floor'}"
living_336.jpg,"{'Table', 'Sofa', 'Curtains', 'Window', 'Frame', 'Chair'}"
living_338.jpg,"{'Bed', 'Wooden floor', 'Sofa', 'Window'}"
living_339.jpg,{'Dining Table'}
living_34.jpg,"{'Dining Table', 'Table', 'Window'}"
living_340.jpg,"{'Table', 'Frame', 'Sofa', 'Wall Panel'}"
living_341.jpg,"{'Table', 'Frame', 'Chair', 'Gypsum Board'}"
living_342.jpg,"{'Chair', 'Sofa', 'Window'}"
living_343.jpg,"{'Wooden floor', 'Curtains'}"
living_344.jpg,"{'Frame', 'Carpet', 'Sofa', 'Window'}"
living_345.jpg,"{'Carpet', 'Sofa', 'TV stand'}"
living_346.jpg,"{'Frame', 'Curtains', 'Sofa', 'Ceramic floor'}"
living_347.jpg,"{'Bed', 'Wall Panel'}"
living_35.jpg,"{'Frame', 'Shelf', 'Chair', 'Gypsum Board'}"
living_351.jpg,"{'Table', 'Sofa', 'Lamp', 'Frame', 'Wooden floor'}"
living_352.jpg,"{'Wooden floor', 'Sofa'}"
living_353.jpg,{'Carpet'}
living_354.jpg,"{'Wooden floor', 'Carpet', 'Sofa'}"
living_356.jpg,"{'Carpet', 'Chair', 'Sofa'}"
living_357.jpg,"{'Table', 'Sofa', 'Gypsum Board', 'Frame', 'Wooden floor', 'Chair'}"
living_358.jpg,{'Wooden floor'}
living_359.jpg,"{'Table', 'Chair', 'Sofa'}"
living_360.jpg,"{'Wooden floor', 'Carpet', 'Sofa', 'Window'}"
living_361.jpg,{'Window'}
living_362.jpg,"{'Table', 'Lamp', 'Window', 'Bed', 'Frame', 'Wooden floor'}"
living_365.jpg,"{'Dining Table', 'Carpet', 'Ceramic floor'}"
living_366.jpg,"{'Frame', 'Window'}"
living_367.jpg,"{'Wall Panel', 'Ceramic floor'}"
living_368.jpg,"{'Table', 'Frame', 'Wooden floor', 'Gypsum Board'}"
living_369.jpg,"{'Frame', 'Lamp', 'Futec frame', 'Sofa'}"
living_37.jpg,"{'Frame', 'Bed', 'Sofa'}"
living_372.jpg,"{'Cabinet', 'Sideboard', 'Sofa', 'TV stand', 'Ceramic floor', 'Window'}"
living_374.jpg,"{'Lamp', 'Carpet', 'Sofa'}"
living_375.jpg,"{'Sofa', 'Lamp', 'Frame', 'Wooden floor', 'Chair'}"
living_376.jpg,"{'Sofa', 'Ceramic floor', 'Curtains', 'Window', 'Frame'}"
living_377.jpg,"{'Cabinet', 'Chair', 'Sofa'}"
living_378.jpg,{'Window'}
living_379.jpg,"{'Frame', 'Sofa', 'Curtains', 'Wall Panel'}"
living_38.jpg,"{'Frame', 'Chair', 'Sofa'}"
living_380.jpg,"{'Wooden floor', 'Chair', 'Sofa'}"
living_381.jpg,"{'Sofa', 'Chair'}"
living_382.jpg,"{'Wooden floor', 'Lamp', 'Sofa', 'Nightstand'}"
living_383.jpg,"{'Carpet', 'Sofa', 'Ceramic floor', 'TV stand', 'Chair'}"
living_384.jpg,"{'Carpet', 'Sofa', 'Ceramic floor', 'Gypsum Board', 'Frame'}"
living_385.jpg,{'Window'}
living_386.jpg,"{'Table', 'Sofa'}"
living_387.jpg,"{'Carpet', 'Window'}"
living_388.jpg,"{'Table', 'Wooden floor', 'Frame', 'Sofa'}"
living_389.jpg,"{'Ceramic floor', 'Sofa', 'Window'}"
living_39.jpg,"{'Table', 'Frame', 'Sofa'}"
living_390.jpg,"{'Table', 'Wooden floor', 'Cabinet'}"
living_391.jpg,"{'Table', 'Cabinet', 'Sofa', 'Ceramic floor'}"
living_392.jpg,{'Window'}
living_393.jpg,"{'Table', 'Lamp', 'Curtains', 'Sofa'}"
living_394.jpg,"{'Window', 'Ceramic floor'}"
living_395.jpg,"{'Table', 'Frame', 'Sofa'}"
living_396.jpg,"{'Door', 'Gypsum Board', 'Ceramic floor'}"
living_397.jpg,"{'Table', 'Frame', 'Wooden floor', 'Window'}"
living_398.jpg,"{'Table', 'Sofa', 'Window'}"
living_399.jpg,"{'Wooden floor', 'Bed', 'Carpet', 'Sofa'}"
living_4.jpg,"{'Table', 'Gypsum Board', 'Frame', 'Sofa'}"
living_40.jpg,"{'Table', 'Wooden floor', 'Sofa', 'Ceramic floor'}"
living_400.jpg,"{'Table', 'Sofa', 'Cupboard', 'Futec frame', 'Chair'}"
living_401.jpg,"{'Table', 'Frame', 'Chair', 'Sofa'}"
living_402.jpg,{'Dining Table'}
living_403.jpg,"{'Table', 'Bed', 'Sofa'}"
living_404.jpg,{'Sofa'}
living_405.jpg,"{'Carpet', 'Sofa', 'Lamp', 'Gypsum Board', 'Window', 'Nightstand', 'Frame'}"
living_406.jpg,"{'Table', 'Curtains', 'Sofa', 'Window'}"
living_407.jpg,"{'Frame', 'Carpet', 'Curtains'}"
living_408.jpg,"{'Table', 'Sofa', 'Curtains', 'Frame', 'Chair'}"
living_409.jpg,"{'Frame', 'Carpet', 'Gypsum Board', 'Window'}"
living_41.jpg,"{'Table', 'Cabinet', 'Carpet', 'Sideboard', 'Sofa', 'Lamp', 'Gypsum Board', 'Frame'}"
living_410.jpg,"{'Carpet', 'Sofa'}"
living_411.jpg,"{'Dining Table', 'Table', 'Curtains', 'Bed', 'Chair'}"
living_412.jpg,"{'Table', 'Lamp', 'Curtains', 'Window', 'Bed', 'Frame', 'Wooden floor'}"
living_414.jpg,"{'Table', 'Frame', 'Carpet', 'Sofa'}"
living_415.jpg,"{'Ceramic floor', 'Sofa', 'Window'}"
living_417.jpg,"{'Wooden floor', 'Carpet', 'Gypsum Board', 'Window'}"
living_418.jpg,"{'Carpet', 'Sofa', 'Window', 'Frame', 'Wooden floor'}"
living_42.jpg,"{'Wooden floor', 'Sofa'}"
living_420.jpg,"{'Nightstand', 'Window'}"
living_421.jpg,"{'Table', 'Wooden floor', 'Window'}"
living_422.jpg,"{'Carpet', 'Curtains', 'Window'}"
living_423.jpg,"{'Frame', 'Bed'}"
living_424.jpg,"{'Wooden floor', 'Transparent Closet', 'Window'}"
living_425.jpg,"{'Frame', 'Wooden floor', 'Sofa', 'Window'}"
living_426.jpg,"{'Table', 'Carpet', 'Sofa', 'Ceramic floor'}"
living_427.jpg,"{'Table', 'Wooden floor', 'Sofa', 'Window'}"
living_428.jpg,"{'Sofa', 'Window'}"
living_429.jpg,"{'Table', 'Shelf', 'Closet', 'Frame', 'Wooden floor'}"
living_43.jpg,"{'Wooden floor', 'Carpet'}"
living_430.jpg,"{'Dining Table', 'Table', 'Carpet', 'Sofa', 'Ceramic floor', 'Chair'}"
living_431.jpg,"{'Table', 'Wooden floor', 'Sofa'}"
living_432.jpg,"{'Table', 'Sofa'}"
living_433.jpg,{'Window'}
living_435.jpg,"{'Ceramic floor', 'Nightstand'}"
living_436.jpg,"{'Table', 'Frame', 'Carpet', 'Window'}"
living_437.jpg,"{'Sofa', 'Window'}"
living_438.jpg,"{'Table', 'Sofa'}"
living_439.jpg,"{'Wooden floor', 'Carpet', 'Sofa'}"
living_44.jpg,"{'Wooden floor', 'Gypsum Board'}"
living_440.jpg,"{'Table', 'Closet', 'Bed', 'Chair', 'Transparent Closet'}"
living_441.jpg,"{'Table', 'Carpet', 'Sofa', 'Lamp', 'Window', 'Chair'}"
living_442.jpg,"{'Table', 'Sofa', 'Curtains', 'Window', 'Chair'}"
living_444.jpg,"{'Table', 'Sofa', 'Lamp', 'Curtains', 'Frame', 'Wooden floor'}"
living_445.jpg,"{'Frame', 'Carpet', 'Sofa', 'Window'}"
living_447.jpg,"{'Table', 'Chair', 'Sofa'}"
living_448.jpg,"{'Lamp', 'Chair', 'Sofa'}"
living_449.jpg,"{'Sofa', 'Chair'}"
living_45.jpg,{'Curtains'}
living_451.jpg,"{'Gypsum Board', 'Closet', 'Ceramic floor'}"
living_452.jpg,"{'Dining Table', 'Table', 'Sofa', 'Curtains', 'Bed', 'Frame'}"
living_453.jpg,"{'Sofa', 'Wooden floor', 'Gypsum Board'}"
living_454.jpg,"{'Bed', 'Chair', 'Gypsum Board', 'Window'}"
living_455.jpg,"{'Frame', 'Wooden floor', 'Chair', 'Window'}"
living_456.jpg,"{'Table', 'Ceramic floor', 'Gypsum Board', 'Window'}"
living_457.jpg,"{'Carpet', 'Ceramic floor'}"
living_458.jpg,"{'Sofa', 'Ceramic floor'}"
living_459.jpg,"{'Table', 'Sofa', 'Frame', 'Wooden floor', 'Chair'}"
living_46.jpg,"{'Sofa', 'Closet'}"
living_460.jpg,"{'Carpet', 'Sofa', 'Ceramic floor', 'Lamp', 'Curtains'}"
living_462.jpg,"{'Chair', 'Sofa', 'Ceramic floor'}"
living_463.jpg,{'Wooden floor'}
living_464.jpg,"{'Bed', 'Carpet', 'Curtains', 'Sofa'}"
living_465.jpg,"{'Sofa', 'Ceramic floor'}"
living_466.jpg,"{'Dining Table', 'Table', 'Sofa'}"
living_467.jpg,"{'Wall Panel', 'Transparent Closet', 'Sofa', 'Ceramic floor'}"
living_468.jpg,"{'Carpet', 'Sofa', 'Ceramic floor', 'Window', 'Wooden floor'}"
living_469.jpg,"{'Cabinet', 'Ceramic floor', 'Cupboard', 'Bed', 'Frame', 'Wooden floor'}"
living_47.jpg,"{'Wooden floor', 'Ceramic floor', 'Window'}"
living_470.jpg,"{'Chair', 'Sofa'}"
living_471.jpg,"{'Carpet', 'Sofa'}"
living_472.jpg,{'Wooden floor'}
living_473.jpg,"{'Sofa', 'Ceramic floor'}"
living_474.jpg,"{'Door', 'Gypsum Board', 'Bed', 'Nightstand', 'Wooden floor'}"
living_475.jpg,{'Ceramic floor'}
living_476.jpg,"{'Table', 'Lamp', 'Curtains', 'Window', 'Nightstand', 'Chair'}"
living_477.jpg,"{'Ceramic floor', 'Carpet', 'Window'}"
living_478.jpg,"{'Table', 'Curtains', 'Gypsum Board', 'Window'}"
living_479.jpg,"{'Table', 'Bed', 'Chair', 'Sofa'}"
living_48.jpg,"{'Bed', 'Wall Panel', 'Chair'}"
living_481.jpg,"{'Table', 'Sofa', 'Lamp', 'Curtains', 'Wooden floor'}"
living_482.jpg,"{'Table', 'Chair'}"
living_483.jpg,"{'Table', 'Chair', 'Ceramic floor'}"
living_484.jpg,"{'Wooden floor', 'Sofa'}"
living_485.jpg,"{'Dining Table', 'Table', 'Cabinet', 'Sofa'}"
living_486.jpg,"{'Table', 'Chair', 'Sofa', 'Closet'}"
living_487.jpg,"{'Table', 'Carpet', 'TV stand', 'Wall Panel', 'Frame'}"
living_488.jpg,"{'Frame', 'Lamp', 'Carpet', 'Sofa'}"
living_489.jpg,"{'Table', 'Carpet', 'Sofa', 'Wooden floor', 'Chair'}"
living_49.jpg,"{'Carpet', 'Chair', 'Ceramic floor'}"
living_490.jpg,{'Window'}
living_491.jpg,"{'Carpet', 'Sofa', 'Cupboard', 'Curtains', 'Window', 'Wooden floor'}"
living_492.jpg,"{'Door', 'Sofa'}"
living_494.jpg,"{'Wooden floor', 'Cabinet', 'Chair'}"
living_496.jpg,"{'Table', 'Carpet', 'Sofa', 'Ceramic floor', 'Gypsum Board'}"
living_497.jpg,"{'Wooden floor', 'Ceramic floor'}"
living_498.jpg,"{'Wooden floor', 'Cabinet', 'Sofa', 'Ceramic floor'}"
living_499.jpg,"{'Wooden floor', 'Sofa', 'Window'}"
living_5.jpg,"{'Sofa', 'Carpet', 'Gypsum Board', 'Closet'}"
living_50.jpg,"{'Curtains', 'Chair', 'Sofa'}"
living_500.jpg,"{'Frame', 'Chair'}"
living_501.jpg,"{'Carpet', 'Window'}"
living_502.jpg,"{'Nightstand', 'TV stand'}"
living_503.jpg,"{'Wooden floor', 'Bed', 'Curtains', 'Sofa'}"
living_504.jpg,"{'Carpet', 'Sofa', 'Ceramic floor', 'Curtains', 'Frame'}"
living_505.jpg,{'Ceramic floor'}
living_506.jpg,"{'Chair', 'Sofa', 'Ceramic floor'}"
living_507.jpg,"{'Table', 'Frame', 'Chair', 'Sofa'}"
living_508.jpg,{'Window'}
living_509.jpg,"{'Table', 'Sofa', 'Window', 'Wooden floor', 'Chair'}"
living_51.jpg,"{'Frame', 'Ceramic floor'}"
living_511.jpg,"{'Curtains', 'Gypsum Board', 'Window'}"
living_512.jpg,"{'Carpet', 'Window', 'Bed', 'Futec frame', 'Wooden floor'}"
living_513.jpg,"{'Table', 'Chair', 'Sofa'}"
living_514.jpg,"{'Table', 'Frame', 'Sofa'}"
living_515.jpg,"{'Ceramic floor', 'Window'}"
living_516.jpg,"{'Gypsum Board', 'Sofa'}"
living_517.jpg,"{'Wooden floor', 'Cabinet', 'Window'}"
living_519.jpg,"{'Table', 'Cabinet', 'Curtains', 'Gypsum Board', 'Bed', 'Wall Panel', 'Wooden floor'}"
living_52.jpg,"{'Table', 'Wall Panel', 'Sofa'}"
living_520.jpg,"{'Table', 'Carpet', 'Sofa', 'Window', 'Nightstand', 'Frame', 'Chair'}"
living_521.jpg,"{'Carpet', 'Sofa'}"
living_522.jpg,{'Window'}
living_523.jpg,"{'Table', 'Lamp', 'Frame', 'Sofa'}"
living_524.jpg,"{'Carpet', 'Sofa', 'Wall Panel'}"
living_525.jpg,"{'Window', 'Chair', 'Sofa', 'Ceramic floor'}"
living_527.jpg,"{'Frame', 'Window'}"
living_528.jpg,"{'Table', 'Curtains', 'Bed', 'Wooden floor', 'Chair'}"
living_529.jpg,"{'Table', 'Carpet', 'Curtains', 'Window'}"
living_53.jpg,"{'Table', 'Wooden floor'}"
living_530.jpg,"{'Frame', 'Wooden floor', 'Curtains'}"
living_531.jpg,"{'Sofa', 'Wooden floor', 'Chair'}"
living_532.jpg,"{'Wooden floor', 'Chair', 'Sofa', 'Window'}"
living_533.jpg,"{'Curtains', 'Sofa', 'Window'}"
living_534.jpg,"{'Sofa', 'Ceramic floor', 'Window', 'Bed', 'Wooden floor'}"
living_535.jpg,"{'Sofa', 'Ceramic floor', 'Cupboard', 'Curtains', 'Gypsum Board'}"
living_536.jpg,"{'Table', 'Sofa'}"
living_537.jpg,{'Chair'}
living_538.jpg,"{'Ceramic floor', 'Curtains', 'Window'}"
living_539.jpg,"{'Dining Table', 'Curtains', 'Chair', 'Gypsum Board'}"
living_54.jpg,"{'Curtains', 'Sofa', 'Ceramic floor'}"
living_541.jpg,"{'Table', 'Sofa', 'Gypsum Board', 'Wooden floor', 'Chair'}"
living_543.jpg,"{'Table', 'Sofa'}"
living_544.jpg,"{'Table', 'Carpet', 'Sofa', 'Lamp', 'Chair'}"
living_545.jpg,"{'Sofa', 'Window'}"
living_547.jpg,"{'Table', 'Carpet', 'Sofa', 'Ceramic floor', 'Curtains', 'Frame', 'Chair'}"
living_548.jpg,"{'Sofa', 'Table', 'Wooden floor', 'Chair'}"
living_55.jpg,"{'Sofa', 'Window', 'Wall Panel', 'Frame', 'Wooden floor', 'Chair'}"
living_550.jpg,{'Frame'}
living_551.jpg,"{'Sofa', 'Chair', 'Window'}"
living_552.jpg,"{'Table', 'Sofa', 'Ceramic floor', 'Curtains', 'Chair'}"
living_553.jpg,"{'Ceramic floor', 'Sofa', 'Window'}"
living_554.jpg,"{'Curtains', 'Chair', 'Sofa', 'Window'}"
living_555.jpg,"{'Table', 'Chair', 'Sofa'}"
living_556.jpg,"{'Sofa', 'Curtains', 'Window', 'Frame', 'Wooden floor'}"
living_557.jpg,"{'Carpet', 'Sofa', 'Curtains', 'Gypsum Board', 'Wooden floor'}"
living_558.jpg,"{'Carpet', 'Curtains', 'Sofa'}"
living_559.jpg,"{'Table', 'Frame', 'Curtains', 'Sofa'}"
living_56.jpg,{'Window'}
living_560.jpg,"{'Carpet', 'Curtains', 'Sofa', 'Ceramic floor'}"
living_561.jpg,"{'Cabinet', 'Sofa'}"
living_562.jpg,"{'Table', 'Sofa', 'Window', 'Frame', 'Chair'}"
living_563.jpg,"{'Wooden floor', 'Sofa', 'Chair', 'Nightstand'}"
living_564.jpg,"{'Curtains', 'Gypsum Board', 'Window', 'Wooden floor', 'Chair'}"
living_565.jpg,"{'Curtains', 'Sofa'}"
living_567.jpg,"{'Cupboard', 'Sideboard'}"
living_568.jpg,"{'Table', 'Sofa', 'Cupboard', 'Gypsum Board', 'Bed', 'Frame', 'Wooden floor', 'Transparent Closet'}"
living_569.jpg,"{'Sofa', 'Carpet', 'Chair'}"
living_57.jpg,"{'Wall Panel', 'Curtains', 'Sofa'}"
living_570.jpg,"{'Table', 'Sofa', 'Ceramic floor', 'Wall Panel', 'Chair'}"
living_571.jpg,"{'Frame', 'Sofa', 'Ceramic floor'}"
living_572.jpg,"{'Frame', 'Carpet', 'Window'}"
living_573.jpg,"{'Table', 'Curtains', 'Sofa'}"
living_574.jpg,"{'Table', 'Frame', 'Ceramic floor'}"
living_575.jpg,"{'Wooden floor', 'Curtains', 'Sofa'}"
living_576.jpg,"{'Window', 'Ceramic floor'}"
living_577.jpg,"{'Dining Table', 'Table', 'Sofa', 'Ceramic floor'}"
living_578.jpg,"{'Table', 'Wooden floor', 'Frame', 'Window'}"
living_579.jpg,"{'Chair', 'Sofa'}"
living_580.jpg,"{'Carpet', 'Ceramic floor'}"
living_581.jpg,"{'Wooden floor', 'Carpet', 'Closet'}"
living_583.jpg,"{'Wooden floor', 'Window'}"
living_585.jpg,"{'Transparent Closet', 'Gypsum Board', 'Ceramic floor'}"
living_586.jpg,"{'Dining Table', 'Table', 'Sofa', 'Wooden floor', 'Chair'}"
living_587.jpg,"{'Wooden floor', 'Sideboard', 'Sofa'}"
living_588.jpg,"{'Table', 'Chair', 'Sofa'}"
living_589.jpg,"{'Gypsum Board', 'Window', 'Bed', 'Nightstand', 'Frame'}"
living_59.jpg,"{'Sofa', 'Wooden floor', 'Gypsum Board'}"
living_591.jpg,"{'Frame', 'Bed', 'Sofa', 'Window'}"
living_592.jpg,"{'Sofa', 'Ceramic floor', 'Window', 'Frame', 'Chair'}"
living_593.jpg,"{'Carpet', 'Sofa', 'Window'}"
living_594.jpg,"{'Table', 'Sofa', 'Gypsum Board', 'Wall Panel', 'Wooden floor'}"
living_595.jpg,"{'Sofa', 'Curtains', 'Window', 'Frame', 'Chair'}"
living_597.jpg,"{'Cupboard', 'Frame', 'Wooden floor', 'Ceramic floor'}"
living_598.jpg,"{'Frame', 'Curtains', 'Sofa'}"
living_599.jpg,"{'Frame', 'Curtains', 'Sofa'}"
living_6.jpg,"{'Table', 'Closet', 'Gypsum Board', 'Window', 'Wall Panel'}"
living_60.jpg,"{'Carpet', 'Sofa'}"
living_600.jpg,"{'Curtains', 'Chair', 'Sofa'}"
living_601.jpg,"{'Table', 'Carpet', 'Sofa'}"
living_602.jpg,"{'Cabinet', 'Sideboard', 'Cupboard', 'Lamp', 'Frame', 'Chair'}"
living_603.jpg,"{'Table', 'Lamp', 'Sofa'}"
living_604.jpg,"{'Table', 'Window', 'Nightstand', 'Frame', 'Wooden floor'}"
living_605.jpg,"{'Carpet', 'Sofa', 'Curtains', 'Window', 'Frame'}"
living_606.jpg,"{'Table', 'Sofa', 'Window'}"
living_608.jpg,"{'Wooden floor', 'Sofa', 'Window'}"
living_609.jpg,"{'Dining Table', 'Table', 'Sofa', 'Lamp', 'Chair'}"
living_61.jpg,"{'Table', 'Frame', 'Closet', 'Window'}"
living_610.jpg,{'Window'}
living_611.jpg,{'Sofa'}
living_612.jpg,"{'Table', 'Frame', 'Curtains', 'Sofa'}"
living_613.jpg,"{'Chair', 'Sofa'}"
living_614.jpg,"{'Wooden floor', 'Sofa'}"
living_615.jpg,"{'Cabinet', 'Carpet', 'Sofa', 'Window'}"
living_616.jpg,"{'Frame', 'Bed', 'Carpet', 'Sofa'}"
living_617.jpg,"{'Wooden floor', 'Cabinet'}"
living_619.jpg,"{'Table', 'Sofa'}"
living_62.jpg,"{'Bed', 'Carpet', 'Futec frame', 'Sofa'}"
living_620.jpg,"{'Table', 'Carpet', 'Chair'}"
living_621.jpg,"{'Sofa', 'Chair', 'Ceramic floor'}"
living_622.jpg,"{'Carpet', 'Transparent Closet'}"
living_623.jpg,{'Sofa'}
living_624.jpg,"{'Cupboard', 'Wooden floor', 'Cabinet', 'Chair'}"
living_625.jpg,"{'Frame', 'Sofa'}"
living_626.jpg,"{'Wooden floor', 'Carpet', 'Curtains', 'Sofa'}"
living_628.jpg,{'Wall Panel'}
living_629.jpg,"{'Table', 'Wooden floor', 'Sofa', 'Ceramic floor'}"
living_63.jpg,"{'Wooden floor', 'Gypsum Board'}"
living_630.jpg,"{'Curtains', 'Window'}"
living_631.jpg,"{'Table', 'Sofa', 'Ceramic floor', 'Frame', 'Chair'}"
living_632.jpg,"{'Wooden floor', 'Cabinet', 'Sofa', 'Window'}"
living_633.jpg,"{'Curtains', 'Wall Panel', 'Ceramic floor'}"
living_634.jpg,"{'Bed', 'Sofa'}"
living_635.jpg,"{'Door', 'Window'}"
living_636.jpg,"{'Window', 'Sofa', 'Ceramic floor'}"
living_637.jpg,"{'Bed', 'Carpet', 'Sofa'}"
living_639.jpg,"{'Sofa', 'Window'}"
living_640.jpg,"{'Table', 'Sofa', 'Gypsum Board', 'Wooden floor', 'Chair'}"
living_641.jpg,"{'Table', 'Sofa', 'Lamp', 'Window', 'Wooden floor', 'Chair'}"
living_642.jpg,"{'Table', 'Sofa', 'Window', 'Frame', 'Wooden floor'}"
living_643.jpg,"{'Dining Table', 'Curtains', 'Window'}"
living_645.jpg,"{'Frame', 'Sofa', 'Window'}"
living_646.jpg,"{'Cabinet', 'Sofa', 'Curtains', 'Window', 'Wooden floor'}"
living_647.jpg,"{'Wooden floor', 'Sofa'}"
living_648.jpg,"{'Cabinet', 'Wooden floor', 'Carpet', 'Window'}"
living_649.jpg,"{'Table', 'Frame', 'Wooden floor', 'Sofa'}"
living_65.jpg,"{'Carpet', 'Sofa', 'Ceramic floor', 'Curtains', 'Frame'}"
living_650.jpg,"{'Curtains', 'Sofa'}"
living_651.jpg,"{'Wooden floor', 'Carpet', 'Curtains', 'Ceramic floor'}"
living_652.jpg,"{'Window', 'Carpet', 'Chair', 'Ceramic floor'}"
living_653.jpg,"{'Cupboard', 'Table', 'Dining Table', 'Sofa'}"
living_654.jpg,"{'Table', 'Wall Panel'}"
living_655.jpg,"{'Sofa', 'Window'}"
living_656.jpg,"{'Wooden floor', 'Cabinet', 'Sofa', 'Window'}"
living_657.jpg,"{'Bed', 'Carpet', 'Sofa', 'Window'}"
living_659.jpg,"{'Carpet', 'Sofa', 'Ceramic floor', 'Frame', 'Chair'}"
living_660.jpg,"{'Sofa', 'Window'}"
living_661.jpg,"{'Table', 'Wooden floor', 'Wall Panel'}"
living_664.jpg,"{'Frame', 'Curtains', 'Sofa'}"
living_665.jpg,"{'Carpet', 'Sofa', 'Curtains', 'Window', 'Wooden floor', 'Chair'}"
living_666.jpg,"{'Sofa', 'Ceramic floor', 'Gypsum Board', 'Window', 'Frame', 'Wooden floor'}"
living_667.jpg,{'Frame'}
living_669.jpg,"{'Frame', 'Lamp', 'Carpet', 'Ceramic floor'}"
living_67.jpg,"{'Wooden floor', 'Cabinet', 'Sofa'}"
living_670.jpg,"{'Bed', 'Wooden floor', 'Carpet', 'Wall Panel'}"
living_671.jpg,"{'Dining Table', 'Table', 'Gypsum Board', 'Frame', 'Chair'}"
living_673.jpg,"{'Table', 'Sofa', 'Window', 'Frame', 'Wooden floor', 'Chair'}"
living_674.jpg,"{'Table', 'Carpet', 'Closet', 'Gypsum Board', 'Window'}"
living_675.jpg,"{'Table', 'Sofa', 'Curtains', 'Gypsum Board', 'Bed', 'Chair'}"
living_678.jpg,"{'Sofa', 'Window'}"
living_679.jpg,{'Window'}
living_68.jpg,"{'Frame', 'Wooden floor', 'Window'}"
living_680.jpg,"{'Table', 'Sofa', 'Ceramic floor', 'Door', 'Frame', 'Wooden floor'}"
living_682.jpg,{'Ceramic floor'}
living_683.jpg,"{'Wooden floor', 'Sofa', 'Window'}"
living_684.jpg,{'Sofa'}
living_685.jpg,"{'Table', 'Sofa', 'Window'}"
living_686.jpg,"{'Wall Panel', 'Curtains', 'Sofa'}"
living_689.jpg,"{'Curtains', 'Window'}"
living_690.jpg,{'Window'}
living_691.jpg,"{'Table', 'Carpet', 'Sofa', 'Window', 'Wooden floor'}"
living_692.jpg,"{'Wooden floor', 'Sofa'}"
living_693.jpg,"{'Frame', 'Sofa'}"
living_694.jpg,"{'Frame', 'Sofa', 'Window'}"
living_695.jpg,"{'Chair', 'Gypsum Board', 'Window'}"
living_696.jpg,"{'Lamp', 'Window', 'Bed', 'Nightstand', 'Wooden floor'}"
living_697.jpg,{'Wooden floor'}
living_698.jpg,{'Table'}
living_699.jpg,"{'Ceramic floor', 'TV stand', 'Curtains', 'Window', 'Wooden floor'}"
living_7.jpg,"{'Frame', 'TV stand', 'Sofa', 'Ceramic floor'}"
living_70.jpg,"{'Table', 'Cabinet', 'Frame', 'Sofa'}"
living_700.jpg,"{'Frame', 'Wooden floor', 'Sofa'}"
living_701.jpg,"{'Table', 'Sofa', 'Lamp', 'Curtains', 'Frame'}"
living_702.jpg,"{'Table', 'Sofa', 'Ceramic floor', 'Curtains', 'Wooden floor', 'Chair'}"
living_703.jpg,"{'Dining Table', 'Curtains', 'Window', 'Frame', 'Chair'}"
living_704.jpg,"{'Frame', 'Sofa', 'Carpet', 'Gypsum Board'}"
living_705.jpg,"{'Table', 'Sofa', 'Frame', 'Chair'}"
living_706.jpg,"{'Frame', 'Curtains', 'Sofa'}"
living_707.jpg,"{'Wooden floor', 'Curtains', 'Sideboard', 'Sofa'}"
living_708.jpg,"{'Sofa', 'Wooden floor', 'Gypsum Board', 'Closet'}"
living_709.jpg,"{'Table', 'Carpet', 'Gypsum Board', 'Frame', 'Chair'}"
living_71.jpg,"{'Frame', 'Lamp', 'Sofa', 'Window'}"
living_710.jpg,"{'Wooden floor', 'Curtains', 'Wall Panel'}"
living_711.jpg,"{'Table', 'Wooden floor', 'Carpet', 'Sofa'}"
living_712.jpg,"{'Table', 'Frame', 'Sofa', 'Ceramic floor'}"
living_713.jpg,"{'Wooden floor', 'Wall Panel'}"
living_714.jpg,{'Sofa'}
living_715.jpg,"{'Frame', 'Wooden floor', 'Sofa', 'Window'}"
living_716.jpg,"{'Table', 'Carpet', 'Sofa', 'TV stand', 'Door', 'Nightstand', 'Chair'}"
living_717.jpg,"{'Carpet', 'Sofa'}"
living_718.jpg,"{'Table', 'Carpet', 'Sofa', 'Curtains', 'Frame'}"
living_72.jpg,"{'Wooden floor', 'Sofa', 'Gypsum Board'}"
living_721.jpg,"{'Curtains', 'Chair', 'Sofa'}"
living_722.jpg,"{'Carpet', 'Sofa', 'Gypsum Board', 'Window', 'Wooden floor'}"
living_723.jpg,"{'Table', 'Wooden floor', 'Curtains', 'Sofa'}"
living_724.jpg,"{'Bed', 'Carpet', 'Sofa', 'Ceramic floor'}"
living_725.jpg,"{'Chair', 'Sofa'}"
living_726.jpg,"{'Wooden floor', 'Sofa'}"
living_727.jpg,"{'Dining Table', 'Gypsum Board', 'Sofa', 'Window'}"
living_728.jpg,"{'Cabinet', 'Sofa', 'Ceramic floor'}"
living_729.jpg,"{'Sofa', 'Ceramic floor', 'Gypsum Board', 'Window', 'Bed', 'Frame'}"
living_73.jpg,"{'Table', 'Curtains', 'Chair', 'Sofa'}"
living_731.jpg,"{'Table', 'Carpet'}"
living_732.jpg,"{'Frame', 'Wooden floor', 'Carpet'}"
living_733.jpg,{'Frame'}
living_734.jpg,"{'Door', 'Sofa', 'Cabinet', 'Chair'}"
living_735.jpg,"{'Sofa', 'Window', 'Bed', 'Frame', 'Wooden floor'}"
living_736.jpg,"{'Table', 'Sofa', 'Ceramic floor', 'Curtains', 'Frame', 'Chair'}"
living_737.jpg,{'Chair'}
living_74.jpg,"{'Table', 'Carpet', 'Sofa', 'Curtains', 'Wooden floor'}"
living_740.jpg,"{'Window', 'Wooden floor', 'Wall Panel', 'Ceramic floor'}"
living_741.jpg,"{'Gypsum Board', 'Sofa'}"
living_742.jpg,"{'Table', 'Sofa', 'Curtains', 'Frame', 'Wooden floor'}"
living_744.jpg,"{'Sofa', 'Chair', 'Window'}"
living_745.jpg,"{'Lamp', 'Gypsum Board', 'Sofa'}"
living_746.jpg,"{'Carpet', 'Sofa', 'Lamp', 'Frame', 'Wooden floor', 'Chair'}"
living_747.jpg,"{'Table', 'Wooden floor', 'Chair', 'Sofa'}"
living_748.jpg,"{'Frame', 'Chair', 'Sofa', 'Window'}"
living_749.jpg,"{'Table', 'Sofa', 'Curtains', 'Window', 'Wooden floor'}"
living_750.jpg,"{'Table', 'Chair'}"
living_751.jpg,"{'Chair', 'Sofa', 'TV stand'}"
living_752.jpg,"{'Table', 'Frame', 'Chair', 'Sofa'}"
living_753.jpg,"{'Frame', 'Carpet', 'Sofa'}"
living_755.jpg,"{'Sofa', 'Window'}"
living_757.jpg,"{'Wooden floor', 'Cabinet', 'Gypsum Board'}"
living_758.jpg,"{'Table', 'Sideboard', 'Sofa', 'TV stand', 'Chair'}"
living_759.jpg,"{'Table', 'Wooden floor', 'Chair', 'Sofa'}"
living_76.jpg,"{'Ceramic floor', 'Curtains', 'Sofa', 'Window'}"
living_760.jpg,"{'Table', 'Wooden floor', 'Sofa'}"
living_761.jpg,{'Cupboard'}
living_762.jpg,{'Wall Panel'}
living_764.jpg,"{'Table', 'Cabinet', 'Sofa', 'Frame', 'Wooden floor'}"
living_766.jpg,"{'Wooden floor', 'Sofa'}"
living_767.jpg,"{'Table', 'Carpet'}"
living_768.jpg,"{'Frame', 'Wooden floor', 'Sofa'}"
living_769.jpg,"{'TV stand', 'Sofa', 'Ceramic floor'}"
living_77.jpg,"{'Wooden floor', 'Gypsum Board', 'Wall Panel', 'Window'}"
living_770.jpg,"{'Frame', 'Carpet', 'Sofa', 'Window'}"
living_771.jpg,"{'Table', 'Sofa', 'Chair', 'Gypsum Board'}"
living_772.jpg,"{'Sofa', 'Ceramic floor', 'Window', 'Frame', 'Wooden floor'}"
living_773.jpg,"{'Bed', 'Sofa'}"
living_774.jpg,"{'Carpet', 'Sofa', 'Ceramic floor', 'Gypsum Board', 'Frame'}"
living_775.jpg,"{'Door', 'Wooden floor', 'Cabinet', 'Window'}"
living_777.jpg,"{'Sofa', 'Chair'}"
living_778.jpg,"{'Sofa', 'Ceramic floor'}"
living_779.jpg,"{'Table', 'Bed', 'Chair', 'Sofa'}"
living_780.jpg,"{'Cabinet', 'Sofa', 'Curtains', 'Bed', 'Frame'}"
living_781.jpg,"{'Cabinet', 'Curtains', 'Closet'}"
living_782.jpg,"{'Cupboard', 'TV stand', 'Sofa', 'Ceramic floor'}"
living_783.jpg,"{'Frame', 'Wooden floor', 'Curtains', 'Sofa'}"
living_784.jpg,"{'Lamp', 'Wooden floor', 'Sofa', 'Window'}"
living_785.jpg,"{'Futech tiles', 'Carpet', 'Curtains', 'Chair'}"
living_786.jpg,"{'Wooden floor', 'Cabinet', 'Curtains'}"
living_787.jpg,{'Table'}
living_788.jpg,{'Window'}
living_792.jpg,"{'Wooden floor', 'Curtains', 'Sofa', 'Ceramic floor'}"
living_793.jpg,"{'Table', 'Cabinet', 'Shelf', 'Sofa', 'Gypsum Board', 'Bed', 'Frame'}"
living_795.jpg,"{'Window', 'Carpet', 'Ceramic floor'}"
living_797.jpg,"{'Carpet', 'Sofa', 'Ceramic floor', 'Frame', 'Wooden floor'}"
living_798.jpg,{'Cupboard'}
living_799.jpg,"{'Window', 'Ceramic floor'}"
living_8.jpg,"{'Wooden floor', 'Chair', 'Gypsum Board'}"
living_80.jpg,"{'Chair', 'Sofa', 'Window'}"
living_800.jpg,"{'Carpet', 'Sofa', 'Curtains', 'Wall Panel', 'Wooden floor', 'Chair'}"
living_801.jpg,"{'Curtains', 'Ceramic floor'}"
living_802.jpg,"{'Wooden floor', 'Sofa', 'Closet'}"
living_804.jpg,"{'Table', 'Sofa', 'Chair'}"
living_805.jpg,"{'Window', 'Sofa', 'Ceramic floor'}"
living_806.jpg,{'Sofa'}
living_807.jpg,"{'Wooden floor', 'Curtains', 'Gypsum Board', 'Ceramic floor'}"
living_808.jpg,"{'Carpet', 'Curtains', 'Gypsum Board', 'Ceramic floor'}"
living_809.jpg,"{'Table', 'Wooden floor', 'Chair', 'Sofa'}"
living_81.jpg,"{'Carpet', 'Curtains', 'Sofa', 'Ceramic floor'}"
living_810.jpg,"{'Table', 'Wooden floor', 'Carpet', 'Curtains'}"
living_811.jpg,"{'Cabinet', 'Carpet', 'Sofa', 'Curtains', 'Window'}"
living_812.jpg,"{'Table', 'Carpet', 'Sofa', 'Ceramic floor', 'Nightstand', 'Wooden floor'}"
living_813.jpg,"{'Frame', 'Sofa'}"
living_814.jpg,"{'Frame', 'Cabinet', 'Window'}"
living_815.jpg,"{'Sofa', 'Bed', 'Chair'}"
living_816.jpg,"{'Table', 'Carpet', 'Sofa', 'Ceramic floor', 'Frame', 'Wooden floor'}"
living_817.jpg,"{'Wooden floor', 'Sofa', 'Chair'}"
living_818.jpg,"{'Chair', 'Sofa', 'Window'}"
living_819.jpg,"{'Lamp', 'Window'}"
living_82.jpg,{'Chair'}
living_820.jpg,"{'Frame', 'Ceramic floor', 'Sofa', 'Window'}"
living_821.jpg,{'Table'}
living_822.jpg,"{'Gypsum Board', 'Cabinet', 'Sofa', 'Window'}"
living_823.jpg,"{'Table', 'Cabinet', 'Chair'}"
living_824.jpg,"{'Bed', 'Closet', 'Window'}"
living_825.jpg,"{'Wooden floor', 'Sofa', 'Gypsum Board'}"
living_826.jpg,"{'Sofa', 'Lamp', 'Curtains', 'Wooden floor', 'Chair'}"
living_827.jpg,"{'Wooden floor', 'Gypsum Board'}"
living_828.jpg,"{'Curtains', 'Sofa'}"
living_829.jpg,"{'Shelf', 'Carpet', 'Sofa'}"
living_83.jpg,"{'Bed', 'Carpet', 'Gypsum Board'}"
living_830.jpg,"{'Table', 'Ceramic floor', 'Sofa', 'Window'}"
living_831.jpg,"{'Ceramic floor', 'Curtains', 'Window', 'Frame', 'Chair'}"
living_832.jpg,"{'Table', 'Curtains', 'Sofa'}"
living_834.jpg,"{'Sofa', 'Curtains', 'Window', 'Frame', 'Chair'}"
living_835.jpg,"{'Frame', 'Gypsum Board', 'Chair', 'Window'}"
living_837.jpg,"{'Sofa', 'Ceramic floor'}"
living_838.jpg,{'Window'}
living_839.jpg,"{'Table', 'Wooden floor', 'Carpet', 'Curtains'}"
living_84.jpg,"{'Table', 'Carpet', 'Sofa', 'Lamp', 'Chair'}"
living_840.jpg,"{'Sofa', 'Ceramic floor'}"
living_841.jpg,"{'Table', 'Gypsum Board', 'Sofa'}"
living_842.jpg,"{'Curtains', 'Ceramic floor'}"
living_843.jpg,"{'Table', 'Carpet', 'Sofa', 'Window'}"
living_844.jpg,"{'Sofa', 'Carpet', 'Chair'}"
living_845.jpg,"{'Table', 'Curtains', 'Chair', 'Sofa'}"
living_846.jpg,"{'Table', 'Sofa', 'Lamp', 'Frame', 'Wooden floor'}"
living_847.jpg,"{'Table', 'Chair', 'Sofa'}"
living_848.jpg,"{'Frame', 'Ceramic floor', 'Window'}"
living_849.jpg,{'Window'}
living_85.jpg,"{'Bed', 'Curtains'}"
living_850.jpg,"{'Carpet', 'Sofa', 'TV stand', 'Ceramic floor', 'Frame'}"
living_851.jpg,"{'Window', 'Bed', 'TV stand'}"
living_852.jpg,"{'Wooden floor', 'Carpet'}"
living_853.jpg,"{'Cabinet', 'Carpet', 'Sofa', 'Closet', 'Curtains', 'Window', 'Chair'}"
living_854.jpg,"{'Window', 'Carpet', 'TV stand'}"
living_855.jpg,"{'Table', 'Sideboard', 'Sofa', 'Frame', 'Chair'}"
living_856.jpg,"{'Table', 'Sofa', 'Curtains', 'Gypsum Board', 'Wooden floor', 'Chair'}"
living_857.jpg,"{'Table', 'Sofa', 'Window', 'Frame', 'Chair'}"
living_858.jpg,"{'Chair', 'Sofa', 'Ceramic floor'}"
living_859.jpg,"{'Sofa', 'Carpet', 'Gypsum Board'}"
living_86.jpg,"{'Shelf', 'Chair'}"
living_860.jpg,"{'Curtains', 'Sofa'}"
living_861.jpg,"{'Wooden floor', 'Window'}"
living_862.jpg,"{'Table', 'Cabinet', 'Carpet', 'Sofa'}"
living_863.jpg,"{'Frame', 'Bed', 'Sofa', 'Window'}"
living_864.jpg,"{'Frame', 'Carpet', 'Sofa', 'Window'}"
living_865.jpg,"{'Wooden floor', 'Cabinet', 'Curtains', 'Sideboard'}"
living_866.jpg,"{'Ceramic floor', 'Sofa', 'Window'}"
living_867.jpg,"{'Window', 'Ceramic floor'}"
living_868.jpg,"{'Wooden floor', 'Cabinet', 'Sofa', 'Ceramic floor'}"
living_869.jpg,{'Sofa'}
living_87.jpg,"{'Table', 'Wooden floor', 'Sofa', 'Ceramic floor'}"
living_870.jpg,"{'Sofa', 'Ceramic floor'}"
living_871.jpg,"{'Table', 'Sofa'}"
living_873.jpg,"{'Frame', 'Sofa', 'Ceramic floor'}"
living_874.jpg,"{'Table', 'Carpet', 'Curtains', 'Sofa'}"
living_875.jpg,"{'Carpet', 'Sofa', 'Lamp', 'Frame', 'Wooden floor'}"
living_876.jpg,"{'Frame', 'Ceramic floor', 'Sofa', 'Window'}"
living_877.jpg,"{'Wooden floor', 'Curtains', 'Sofa'}"
living_878.jpg,"{'Table', 'Chair', 'Sofa'}"
living_879.jpg,"{'Table', 'Sofa'}"
living_88.jpg,"{'Table', 'Sideboard', 'Sofa', 'Ceramic floor', 'Lamp', 'Chair'}"
living_880.jpg,"{'Cabinet', 'Sofa', 'Window'}"
living_881.jpg,"{'TV stand', 'Curtains', 'Sideboard', 'Nightstand'}"
living_882.jpg,"{'Carpet', 'Sofa', 'Window'}"
living_884.jpg,"{'Wooden floor', 'Chair', 'TV stand'}"
living_885.jpg,"{'Table', 'Wooden floor', 'Frame', 'Sofa'}"
living_886.jpg,"{'Frame', 'Window', 'Closet', 'Ceramic floor'}"
living_887.jpg,"{'Dining Table', 'Table', 'Gypsum Board', 'Window', 'Frame', 'Wooden floor'}"
living_888.jpg,"{'Carpet', 'Sofa', 'Window'}"
living_889.jpg,"{'Sofa', 'Ceramic floor', 'Gypsum Board', 'Bed', 'Frame', 'Wooden floor'}"
living_89.jpg,"{'Frame', 'Chair', 'Window'}"
living_890.jpg,"{'Carpet', 'Sofa', 'Curtains', 'Bed', 'Frame', 'Wooden floor', 'Chair'}"
living_891.jpg,"{'Sofa', 'Ceramic floor'}"
living_892.jpg,"{'Wooden floor', 'Curtains', 'Sofa'}"
living_893.jpg,"{'Dining Table', 'Table', 'Sofa', 'Window', 'Bed', 'Wooden floor'}"
living_894.jpg,"{'Table', 'Sofa', 'Window', 'Wall Panel', 'Chair'}"
living_895.jpg,{'Sofa'}
living_896.jpg,"{'Ceramic floor', 'Sofa', 'Window'}"
living_898.jpg,"{'Table', 'Chair', 'Sofa'}"
living_899.jpg,"{'Wooden floor', 'Carpet', 'TV stand'}"
living_9.jpg,"{'Curtains', 'Gypsum Board', 'Window', 'Frame', 'Wooden floor'}"
living_90.jpg,"{'Wooden floor', 'Cabinet', 'Curtains'}"
living_901.jpg,"{'Table', 'Sofa', 'Ceramic floor', 'Curtains', 'Frame', 'Chair'}"
living_902.jpg,"{'Table', 'Nightstand', 'Chair', 'Transparent Closet'}"
living_903.jpg,"{'Cabinet', 'Carpet', 'Ceramic floor', 'Curtains', 'Frame', 'Wooden floor'}"
living_904.jpg,"{'Table', 'Frame', 'Sofa'}"
living_905.jpg,"{'Wooden floor', 'Window'}"
living_906.jpg,"{'Carpet', 'Sofa'}"
living_907.jpg,"{'Wooden floor', 'Curtains', 'Closet'}"
living_909.jpg,"{'Cabinet', 'Sideboard', 'TV stand', 'Window', 'Bed', 'Wooden floor'}"
living_91.jpg,"{'Table', 'Bed', 'Sofa', 'Ceramic floor'}"
living_910.jpg,"{'Sofa', 'Ceramic floor'}"
living_911.jpg,"{'Table', 'Sofa', 'Ceramic floor', 'Window', 'Frame'}"
living_913.jpg,"{'Table', 'Wooden floor', 'Curtains', 'Sofa'}"
living_914.jpg,"{'Wooden floor', 'Sofa'}"
living_915.jpg,{'Wooden floor'}
living_916.jpg,"{'Chair', 'Sofa', 'Closet'}"
living_917.jpg,"{'Wooden floor', 'Ceramic floor'}"
living_918.jpg,"{'Ceramic floor', 'Door', 'Window', 'Frame', 'Chair'}"
living_919.jpg,"{'Cabinet', 'Carpet', 'Gypsum Board', 'Ceramic floor'}"
living_920.jpg,"{'Sofa', 'Ceramic floor', 'Curtains', 'Gypsum Board', 'Wall Panel', 'Frame'}"
living_921.jpg,"{'Sofa', 'Window'}"
living_922.jpg,{'Curtains'}
living_923.jpg,"{'Wooden floor', 'Curtains', 'Sofa', 'Ceramic floor'}"
living_924.jpg,"{'Carpet', 'Curtains', 'Sofa'}"
living_925.jpg,{'Wooden floor'}
living_927.jpg,"{'Bed', 'Sideboard'}"
living_928.jpg,{'Table'}
living_929.jpg,"{'Table', 'Ceramic floor', 'Gypsum Board', 'Bed', 'Wooden floor'}"
living_93.jpg,"{'Bed', 'Window', 'Closet', 'Ceramic floor'}"
living_930.jpg,"{'TV stand', 'Sideboard', 'Gypsum Board', 'Ceramic floor'}"
living_931.jpg,"{'Carpet', 'Sofa', 'Ceramic floor', 'Wall Panel', 'Chair'}"
living_932.jpg,{'Wooden floor'}
living_933.jpg,"{'Carpet', 'Sofa', 'Ceramic floor', 'Gypsum Board', 'Window', 'Frame', 'Wooden floor'}"
living_934.jpg,"{'Table', 'Lamp', 'Sofa', 'Ceramic floor'}"
living_935.jpg,"{'Table', 'Ceramic floor'}"
living_936.jpg,"{'Table', 'Wooden floor', 'Frame', 'Sofa'}"
living_937.jpg,"{'Wooden floor', 'Wall Panel', 'Sofa'}"
living_938.jpg,"{'Table', 'Carpet', 'Sofa', 'Curtains', 'Window', 'Frame', 'Chair'}"
living_939.jpg,"{'Frame', 'Wooden floor', 'Sofa', 'Nightstand'}"
living_94.jpg,{'Wooden floor'}
living_941.jpg,"{'Sofa', 'Cupboard', 'Gypsum Board', 'Window', 'Frame', 'Wooden floor'}"
living_942.jpg,"{'Table', 'Wooden floor', 'Frame', 'Chair'}"
living_944.jpg,"{'Door', 'Table', 'Carpet', 'Sofa'}"
living_945.jpg,"{'Sofa', 'Window'}"
living_946.jpg,"{'Table', 'Carpet', 'Sofa', 'Curtains', 'Frame'}"
living_947.jpg,"{'Table', 'Sofa'}"
living_948.jpg,"{'Table', 'Sofa', 'Closet', 'Bed', 'Wall Panel', 'Chair'}"
living_949.jpg,"{'Frame', 'Wooden floor', 'Window'}"
living_95.jpg,"{'Wooden floor', 'Carpet', 'Ceramic floor', 'Window'}"
living_950.jpg,"{'Frame', 'Gypsum Board', 'Curtains', 'Sofa'}"
living_951.jpg,"{'Frame', 'Bed', 'Sofa'}"
living_952.jpg,"{'Dining Table', 'Table', 'Cabinet', 'Carpet', 'Sofa', 'Wall Panel', 'Chair'}"
living_953.jpg,"{'Table', 'Sofa', 'Window', 'Frame', 'Chair'}"
living_954.jpg,"{'Wooden floor', 'Curtains', 'Window'}"
living_955.jpg,"{'Dining Table', 'Curtains', 'Window'}"
living_956.jpg,"{'Wooden floor', 'Gypsum Board', 'Closet'}"
living_957.jpg,"{'Table', 'Frame', 'Chair', 'Sofa'}"
living_958.jpg,"{'Carpet', 'Sofa', 'Ceramic floor'}"
living_959.jpg,"{'Curtains', 'Chair', 'Wall Panel'}"
living_96.jpg,"{'Carpet', 'Sofa', 'Window'}"
living_960.jpg,"{'Table', 'Gypsum Board', 'Window'}"
living_961.jpg,"{'Table', 'Curtains', 'Sofa'}"
living_962.jpg,"{'Table', 'Sofa', 'Ceramic floor', 'Gypsum Board', 'Frame'}"
living_963.jpg,"{'Carpet', 'Sofa', 'Window', 'Frame', 'Wooden floor'}"
living_964.jpg,"{'Table', 'Sofa', 'Curtains', 'Chair'}"
living_965.jpg,"{'Cabinet', 'Sofa', 'Curtains', 'Gypsum Board', 'Wooden floor'}"
living_966.jpg,"{'Frame', 'Carpet', 'Sofa', 'Wall Panel'}"
living_967.jpg,"{'Table', 'Sofa', 'Window'}"
living_968.jpg,"{'Table', 'Door', 'Gypsum Board', 'Window', 'Frame'}"
living_969.jpg,"{'Bed', 'Wooden floor', 'Window'}"
living_97.jpg,"{'Futec frame', 'Chair'}"
living_970.jpg,"{'Table', 'Chair', 'Window'}"
living_971.jpg,"{'Table', 'Chair', 'Sofa'}"
living_972.jpg,"{'Frame', 'Wall Panel', 'Sofa', 'Window'}"
living_973.jpg,"{'Shelf', 'Cabinet', 'Sofa', 'Window', 'Frame', 'Wooden floor'}"
living_974.jpg,"{'Closet', 'Sofa', 'Ceramic floor', 'Bed', 'Wall Panel'}"
living_975.jpg,"{'Carpet', 'Ceramic floor', 'Bed', 'Wooden floor', 'Chair'}"
living_976.jpg,"{'Curtains', 'Sofa', 'Ceramic floor'}"
living_977.jpg,"{'Table', 'Carpet', 'Sofa', 'Lamp', 'Frame', 'Wooden floor'}"
living_978.jpg,"{'Curtains', 'Sofa', 'Window'}"
living_979.jpg,"{'Table', 'Carpet', 'Curtains', 'Chair'}"
living_98.jpg,{'Dining Table'}
living_980.jpg,"{'Table', 'Sofa', 'Window', 'Frame', 'Wooden floor', 'Chair'}"
living_981.jpg,"{'Table', 'Frame', 'Chair', 'Sofa'}"
living_982.jpg,"{'Frame', 'Sofa'}"
living_983.jpg,"{'Wooden floor', 'Sofa'}"
living_984.jpg,"{'Table', 'Sofa', 'Closet', 'Gypsum Board', 'Frame', 'Chair'}"
living_985.jpg,"{'Table', 'Sofa', 'Chair'}"
living_986.jpg,"{'Table', 'Frame', 'Sofa'}"
living_987.jpg,"{'Wooden floor', 'Cabinet', 'Ceramic floor'}"
living_988.jpg,"{'Table', 'Cupboard', 'Ceramic floor'}"
living_989.jpg,"{'Table', 'Wooden floor', 'Chair', 'Window'}"
living_99.jpg,"{'Table', 'Cabinet', 'Sofa', 'Window', 'Frame', 'Wooden floor'}"
living_990.jpg,"{'Table', 'Cupboard', 'Sofa'}"
living_992.jpg,"{'Cabinet', 'Sofa'}"
living_993.jpg,"{'Frame', 'Gypsum Board', 'Sofa'}"
living_994.jpg,"{'Table', 'Wooden floor', 'Frame', 'Sofa'}"
living_995.jpg,"{'Table', 'Window', 'Ceramic floor'}"
living_996.jpg,"{'Table', 'Sofa'}"
living_997.jpg,"{'Frame', 'Bed', 'Sofa'}"
living_998.jpg,"{'Dining Table', 'Table', 'Sofa', 'Curtains', 'Frame', 'Chair'}"
living_999.jpg,"{'Carpet', 'Sofa', 'Window'}"
